Nom,Adresse
A S VIETNAM,A S VIETNAM tennis de table Paris France
ALLIANZ ASC,ALLIANZ ASC tennis de table Paris France
AP 17,AP 17 tennis de table Paris France
APSAP PARIS,APSAP PARIS tennis de table Paris France
AS BANQUE DE FRANCE,AS BANQUE DE FRANCE tennis de table Paris France
AS FFTT,AS FFTT tennis de table Paris France
AS PONGISTES 8eme,AS PONGISTES 8eme tennis de table Paris France
AS RUSSE,AS RUSSE tennis de table Paris France
ASC BNP PARIBAS,ASC BNP PARIBAS tennis de table Paris France
ASORTF,ASORTF tennis de table Paris France
ASPTT GRAND PARIS,ASPTT GRAND PARIS tennis de table Paris France
ASSOC.TENNIS DE TABLE PARIS XVe,ASSOC.TENNIS DE TABLE PARIS XVe tennis de table Paris France
Assoc. Patronage Sainte Melanie,Assoc. Patronage Sainte Melanie tennis de table Paris France
CPS 10eme,CPS 10eme tennis de table Paris France
CSMF PARIS TT,CSMF PARIS TT tennis de table Paris France
EP 15,EP 15 tennis de table Paris France
ESPERANCE REUILLY,ESPERANCE REUILLY tennis de table Paris France
J A M PARIS 14e,J A M PARIS 14e tennis de table Paris France
JUMP,JUMP tennis de table Paris France
PARIS 13 TENNIS DE TABLE,PARIS 13 TENNIS DE TABLE tennis de table Paris France
PARIS IX ATT,PARIS IX ATT tennis de table Paris France
PING PARIS 14,PING PARIS 14 tennis de table Paris France
SPORTING PARIS 20 TT,SPORTING PARIS 20 TT tennis de table Paris France
