club_nom,pays,url,latitude,longitude
A S VIETNAM,France,https://www.google.com/maps/search/?api=1&query=%22A+S+VIETNAM%22+tennis+de+table+France,48.829115,2.358200
ALLIANZ ASC,France,https://www.google.com/maps/search/?api=1&query=%22ALLIANZ+ASC%22+tennis+de+table+France,48.858200,2.259786
AP 17,France,https://www.google.com/maps/search/?api=1&query=%22AP+17%22+tennis+de+table+France,48.889492,2.308414
APSAP PARIS,France,https://www.google.com/maps/search/?api=1&query=%22APSAP+PARIS%22+tennis+de+table+France,48.831137,2.358696
AS BANQUE DE FRANCE,France,https://www.google.com/maps/search/?api=1&query=%22AS+BANQUE+DE+FRANCE%22+tennis+de+table+France,48.862775,2.332238
AS FFTT,France,https://www.google.com/maps/search/?api=1&query=%22AS+FFTT%22+tennis+de+table+France,48.825749,2.362043
AS PONGISTES 8eme,France,https://www.google.com/maps/search/?api=1&query=%22AS+PONGISTES+8eme%22+tennis+de+table+France,48.868212,2.311591
AS RUSSE,France,https://www.google.com/maps/search/?api=1&query=%22AS+RUSSE%22+tennis+de+table+France,48.861199,2.262360
ASC BNP PARIBAS,France,https://www.google.com/maps/search/?api=1&query=%22ASC+BNP+PARIBAS%22+tennis+de+table+France,48.874264,2.337714
ASORTF,France,https://www.google.com/maps/search/?api=1&query=%22ASORTF%22+tennis+de+table+France,48.862475,2.258052
ASPTT GRAND PARIS,France,https://www.google.com/maps/search/?api=1&query=%22ASPTT+GRAND+PARIS%22+tennis+de+table+France,48.842447,2.389585
ASSOC.TENNIS DE TABLE PARIS XVe,France,https://www.google.com/maps/search/?api=1&query=%22ASSOC.TENNIS+DE+TABLE+PARIS+XVe%22+tennis+de+table+France,48.839722,2.296244
Assoc. Patronage Sainte Melanie,France,https://www.google.com/maps/search/?api=1&query=%22Assoc.+Patronage+Sainte+Melanie%22+tennis+de+table+France,48.831658,2.360693
CPS 10eme,France,https://www.google.com/maps/search/?api=1&query=%22CPS+10eme%22+tennis+de+table+France,48.872742,2.356874
CSMF PARIS TT,France,https://www.google.com/maps/search/?api=1&query=%22CSMF+PARIS+TT%22+tennis+de+table+France,48.842780,2.388830
EP 15,France,https://www.google.com/maps/search/?api=1&query=%22EP+15%22+tennis+de+table+France,48.843457,2.300838
ESPERANCE REUILLY,France,https://www.google.com/maps/search/?api=1&query=%22ESPERANCE+REUILLY%22+tennis+de+table+France,48.840290,2.391785
J A M PARIS 14e,France,https://www.google.com/maps/search/?api=1&query=%22J+A+M+PARIS+14e%22+tennis+de+table+France,48.828028,2.327416
JUMP,France,https://www.google.com/maps/search/?api=1&query=%22JUMP%22+tennis+de+table+France,48.862035,2.381048
PARIS 13 TENNIS DE TABLE,France,https://www.google.com/maps/search/?api=1&query=%22PARIS+13+TENNIS+DE+TABLE%22+tennis+de+table+France,48.830894,2.362619
PARIS IX ATT,France,https://www.google.com/maps/search/?api=1&query=%22PARIS+IX+ATT%22+tennis+de+table+France,48.878137,2.333367
PING PARIS 14,France,https://www.google.com/maps/search/?api=1&query=%22PING+PARIS+14%22+tennis+de+table+France,48.826823,2.325315
SPORTING PARIS 20 TT,France,https://www.google.com/maps/search/?api=1&query=%22SPORTING+PARIS+20+TT%22+tennis+de+table+France,48.860638,2.398862
150 AÑOS - DON BENITO,Espagne,https://www.google.com/maps/search/?api=1&query=%22150+A%C3%91OS+-+DON+BENITO%22+tenis+de+mesa+Espa%C3%B1a,38.954027,-5.861947
ABADIÑO,Espagne,https://www.google.com/maps/search/?api=1&query=%22ABADI%C3%91O%22+tenis+de+mesa+Espa%C3%B1a,43.152360,-2.607952
ADX MILAGROSA,Espagne,https://www.google.com/maps/search/?api=1&query=%22ADX+MILAGROSA%22+tenis+de+mesa+Espa%C3%B1a,42.805053,-1.638816
ALBACETE,Espagne,https://www.google.com/maps/search/?api=1&query=%22ALBACETE%22+tenis+de+mesa+Espa%C3%B1a,38.995092,-1.855915
ALCOBENDAS,Espagne,https://www.google.com/maps/search/?api=1&query=%22ALCOBENDAS%22+tenis+de+mesa+Espa%C3%B1a,40.540008,-3.635849
ALCUDIA,Espagne,https://www.google.com/maps/search/?api=1&query=%22ALCUDIA%22+tenis+de+mesa+Espa%C3%B1a,39.853247,3.121250
ALICANTE TM,Espagne,https://www.google.com/maps/search/?api=1&query=%22ALICANTE+TM%22+tenis+de+mesa+Espa%C3%B1a,37.932810,-0.727273
ALMENDRALEJO,Espagne,https://www.google.com/maps/search/?api=1&query=%22ALMENDRALEJO%22+tenis+de+mesa+Espa%C3%B1a,38.684679,-6.406780
ALUCHE,Espagne,https://www.google.com/maps/search/?api=1&query=%22ALUCHE%22+tenis+de+mesa+Espa%C3%B1a,40.392356,-3.757110
ANTONIO MENDOZA,Espagne,https://www.google.com/maps/search/?api=1&query=%22ANTONIO+MENDOZA%22+tenis+de+mesa+Espa%C3%B1a,37.400134,-5.955724
ARTEAL TM,Espagne,https://www.google.com/maps/search/?api=1&query=%22ARTEAL+TM%22+tenis+de+mesa+Espa%C3%B1a,42.876053,-8.530610
AST CLUB TM,Espagne,https://www.google.com/maps/search/?api=1&query=%22AST+CLUB+TM%22+tenis+de+mesa+Espa%C3%B1a,35.887679,-5.312770
ATENEU 1.882,Espagne,https://www.google.com/maps/search/?api=1&query=%22ATENEU+1.882%22+tenis+de+mesa+Espa%C3%B1a,41.969577,2.622305
ATL SAN SEBASTIAN,Espagne,https://www.google.com/maps/search/?api=1&query=%22ATL+SAN+SEBASTIAN%22+tenis+de+mesa+Espa%C3%B1a,43.322422,-1.983889
BINEFAR 77,Espagne,https://www.google.com/maps/search/?api=1&query=%22BINEFAR+77%22+tenis+de+mesa+Espa%C3%B1a,41.849155,0.296399
BURGOS FÉMINAS TM,Espagne,https://www.google.com/maps/search/?api=1&query=%22BURGOS+F%C3%89MINAS+TM%22+tenis+de+mesa+Espa%C3%B1a,37.989494,-3.467466
BURGOS TM,Espagne,https://www.google.com/maps/search/?api=1&query=%22BURGOS+TM%22+tenis+de+mesa+Espa%C3%B1a,42.344850,-3.681248
C SAN XOAN TM,Espagne,https://www.google.com/maps/search/?api=1&query=%22C+SAN+XOAN+TM%22+tenis+de+mesa+Espa%C3%B1a,42.382299,-7.300233
C. PEÑARANDA DE BRACAMONTE,Espagne,https://www.google.com/maps/search/?api=1&query=%22C.+PE%C3%91ARANDA+DE+BRACAMONTE%22+tenis+de+mesa+Espa%C3%B1a,40.896917,-5.199615
C.D. T.M. RIVAS PROMESAS,Espagne,https://www.google.com/maps/search/?api=1&query=%22C.D.+T.M.+RIVAS+PROMESAS%22+tenis+de+mesa+Espa%C3%B1a,40.379585,-3.706437
C.T.T.  VILABLAREIX,Espagne,https://www.google.com/maps/search/?api=1&query=%22C.T.T.++VILABLAREIX%22+tenis+de+mesa+Espa%C3%B1a,40.379585,-3.706437
C.T.T. ALZIRA,Espagne,https://www.google.com/maps/search/?api=1&query=%22C.T.T.+ALZIRA%22+tenis+de+mesa+Espa%C3%B1a,40.379585,-3.706437
CASTROSPIN,Espagne,https://www.google.com/maps/search/?api=1&query=%22CASTROSPIN%22+tenis+de+mesa+Espa%C3%B1a,40.379585,-3.706437
CD COYANZA,Espagne,https://www.google.com/maps/search/?api=1&query=%22CD+COYANZA%22+tenis+de+mesa+Espa%C3%B1a,42.329023,-5.475773
CD FIRGONG,Espagne,https://www.google.com/maps/search/?api=1&query=%22CD+FIRGONG%22+tenis+de+mesa+Espa%C3%B1a,28.110715,-15.559676
CD INDIANA GAMES,Espagne,https://www.google.com/maps/search/?api=1&query=%22CD+INDIANA+GAMES%22+tenis+de+mesa+Espa%C3%B1a,40.437163,-3.703144
CD NERVION TM CITY,Espagne,https://www.google.com/maps/search/?api=1&query=%22CD+NERVION+TM+CITY%22+tenis+de+mesa+Espa%C3%B1a,37.388708,-5.973413
CD PEÑA DE LA AMISTAD,Espagne,https://www.google.com/maps/search/?api=1&query=%22CD+PE%C3%91A+DE+LA+AMISTAD%22+tenis+de+mesa+Espa%C3%B1a,28.497070,-13.859981
CD SEGHOS,Espagne,https://www.google.com/maps/search/?api=1&query=%22CD+SEGHOS%22+tenis+de+mesa+Espa%C3%B1a,40.949620,-4.097418
CD TM NAVALCAN,Espagne,https://www.google.com/maps/search/?api=1&query=%22CD+TM+NAVALCAN%22+tenis+de+mesa+Espa%C3%B1a,40.069097,-5.093174
CDB TM CIUDAD REAL,Espagne,https://www.google.com/maps/search/?api=1&query=%22CDB+TM+CIUDAD+REAL%22+tenis+de+mesa+Espa%C3%B1a,38.959735,-3.882874
CDE ALCORCON TM,Espagne,https://www.google.com/maps/search/?api=1&query=%22CDE+ALCORCON+TM%22+tenis+de+mesa+Espa%C3%B1a,40.349300,-3.828429
CDE MADRID CAPITAL DEL TM,Espagne,https://www.google.com/maps/search/?api=1&query=%22CDE+MADRID+CAPITAL+DEL+TM%22+tenis+de+mesa+Espa%C3%B1a,40.462203,-3.616064
CDE TENIS MESA PARLA,Espagne,https://www.google.com/maps/search/?api=1&query=%22CDE+TENIS+MESA+PARLA%22+tenis+de+mesa+Espa%C3%B1a,40.379585,-3.706437
CDETM PROGRESO,Espagne,https://www.google.com/maps/search/?api=1&query=%22CDETM+PROGRESO%22+tenis+de+mesa+Espa%C3%B1a,36.683286,-6.137287
CDTM CARTAGENA,Espagne,https://www.google.com/maps/search/?api=1&query=%22CDTM+CARTAGENA%22+tenis+de+mesa+Espa%C3%B1a,37.624186,-0.991750
CDTM FEMINAS CARTAGENA,Espagne,https://www.google.com/maps/search/?api=1&query=%22CDTM+FEMINAS+CARTAGENA%22+tenis+de+mesa+Espa%C3%B1a,37.615502,-0.987511
CDTM HUJASE JAEN,Espagne,https://www.google.com/maps/search/?api=1&query=%22CDTM+HUJASE+JAEN%22+tenis+de+mesa+Espa%C3%B1a,40.435481,-3.812378
CETT ESPARREGUERA,Espagne,https://www.google.com/maps/search/?api=1&query=%22CETT+ESPARREGUERA%22+tenis+de+mesa+Espa%C3%B1a,41.542116,1.869240
CIDADE NARON TM,Espagne,https://www.google.com/maps/search/?api=1&query=%22CIDADE+NARON+TM%22+tenis+de+mesa+Espa%C3%B1a,43.501098,-8.192309
CLUB DEL MAR,Espagne,https://www.google.com/maps/search/?api=1&query=%22CLUB+DEL+MAR%22+tenis+de+mesa+Espa%C3%B1a,38.365967,-0.418985
CLUB TOTANA TM,Espagne,https://www.google.com/maps/search/?api=1&query=%22CLUB+TOTANA+TM%22+tenis+de+mesa+Espa%C3%B1a,37.757875,-1.512008
COLLADO,Espagne,https://www.google.com/maps/search/?api=1&query=%22COLLADO%22+tenis+de+mesa+Espa%C3%B1a,40.057329,-5.720944
CONXO TM,Espagne,https://www.google.com/maps/search/?api=1&query=%22CONXO+TM%22+tenis+de+mesa+Espa%C3%B1a,42.853351,-8.565770
CORRIOL,Espagne,https://www.google.com/maps/search/?api=1&query=%22CORRIOL%22+tenis+de+mesa+Espa%C3%B1a,42.030773,2.469223
CORUÑA,Espagne,https://www.google.com/maps/search/?api=1&query=%22CORU%C3%91A%22+tenis+de+mesa+Espa%C3%B1a,43.153994,-8.580508
CTM ALCALA 2000,Espagne,https://www.google.com/maps/search/?api=1&query=%22CTM+ALCALA+2000%22+tenis+de+mesa+Espa%C3%B1a,40.485858,-3.347068
CTM ALCAZAR,Espagne,https://www.google.com/maps/search/?api=1&query=%22CTM+ALCAZAR%22+tenis+de+mesa+Espa%C3%B1a,40.051587,-2.810039
CTM AYAMONTE,Espagne,https://www.google.com/maps/search/?api=1&query=%22CTM+AYAMONTE%22+tenis+de+mesa+Espa%C3%B1a,37.215797,-7.406017
CTM BOADILLA,Espagne,https://www.google.com/maps/search/?api=1&query=%22CTM+BOADILLA%22+tenis+de+mesa+Espa%C3%B1a,40.796757,-6.220534
CTM CORVERASTUR,Espagne,https://www.google.com/maps/search/?api=1&query=%22CTM+CORVERASTUR%22+tenis+de+mesa+Espa%C3%B1a,37.895835,-1.059931
CTM COSTA AZAHAR,Espagne,https://www.google.com/maps/search/?api=1&query=%22CTM+COSTA+AZAHAR%22+tenis+de+mesa+Espa%C3%B1a,36.412381,-5.192738
CTM CULLAR VEGA,Espagne,https://www.google.com/maps/search/?api=1&query=%22CTM+CULLAR+VEGA%22+tenis+de+mesa+Espa%C3%B1a,37.153542,-3.670319
CTM EL RODEO,Espagne,https://www.google.com/maps/search/?api=1&query=%22CTM+EL+RODEO%22+tenis+de+mesa+Espa%C3%B1a,40.936186,-5.585143
CTM GAILAK,Espagne,https://www.google.com/maps/search/?api=1&query=%22CTM+GAILAK%22+tenis+de+mesa+Espa%C3%B1a,43.266111,-1.974742
CTM MOS,Espagne,https://www.google.com/maps/search/?api=1&query=%22CTM+MOS%22+tenis+de+mesa+Espa%C3%B1a,42.166581,-8.621853
CTM MURCIA,Espagne,https://www.google.com/maps/search/?api=1&query=%22CTM+MURCIA%22+tenis+de+mesa+Espa%C3%B1a,37.624186,-0.991750
CTM TECNIK ´87,Espagne,https://www.google.com/maps/search/?api=1&query=%22CTM+TECNIK+%C2%B487%22+tenis+de+mesa+Espa%C3%B1a,43.266331,-2.931087
CTM TOLEDO,Espagne,https://www.google.com/maps/search/?api=1&query=%22CTM+TOLEDO%22+tenis+de+mesa+Espa%C3%B1a,39.552049,-4.327145
CTM VIGO,Espagne,https://www.google.com/maps/search/?api=1&query=%22CTM+VIGO%22+tenis+de+mesa+Espa%C3%B1a,42.166581,-8.621853
CTM. ILICITANO,Espagne,https://www.google.com/maps/search/?api=1&query=%22CTM.+ILICITANO%22+tenis+de+mesa+Espa%C3%B1a,38.291401,-0.625351
CTT ALTEA,Espagne,https://www.google.com/maps/search/?api=1&query=%22CTT+ALTEA%22+tenis+de+mesa+Espa%C3%B1a,38.602824,-0.047206
CTT BADALONA,Espagne,https://www.google.com/maps/search/?api=1&query=%22CTT+BADALONA%22+tenis+de+mesa+Espa%C3%B1a,41.463208,2.254426
CTT BARCELONA,Espagne,https://www.google.com/maps/search/?api=1&query=%22CTT+BARCELONA%22+tenis+de+mesa+Espa%C3%B1a,41.414216,2.023059
CTT BORGES,Espagne,https://www.google.com/maps/search/?api=1&query=%22CTT+BORGES%22+tenis+de+mesa+Espa%C3%B1a,41.520332,0.868410
CTT CALELLA,Espagne,https://www.google.com/maps/search/?api=1&query=%22CTT+CALELLA%22+tenis+de+mesa+Espa%C3%B1a,41.613746,2.663788
CTT POBLA DE VALLBONA,Espagne,https://www.google.com/maps/search/?api=1&query=%22CTT+POBLA+DE+VALLBONA%22+tenis+de+mesa+Espa%C3%B1a,39.603236,-0.563790
CTT PORTMANY,Espagne,https://www.google.com/maps/search/?api=1&query=%22CTT+PORTMANY%22+tenis+de+mesa+Espa%C3%B1a,38.983057,1.300949
CTT RIPOLLET,Espagne,https://www.google.com/maps/search/?api=1&query=%22CTT+RIPOLLET%22+tenis+de+mesa+Espa%C3%B1a,42.192973,2.246168
CTT SANT JORDI,Espagne,https://www.google.com/maps/search/?api=1&query=%22CTT+SANT+JORDI%22+tenis+de+mesa+Espa%C3%B1a,41.605835,0.638993
CTT SANTISIMO SALVADOR,Espagne,https://www.google.com/maps/search/?api=1&query=%22CTT+SANTISIMO+SALVADOR%22+tenis+de+mesa+Espa%C3%B1a,39.962910,-0.261539
CTT SENTMENAT,Espagne,https://www.google.com/maps/search/?api=1&query=%22CTT+SENTMENAT%22+tenis+de+mesa+Espa%C3%B1a,41.611869,2.141039
CTT XABIA,Espagne,https://www.google.com/maps/search/?api=1&query=%22CTT+XABIA%22+tenis+de+mesa+Espa%C3%B1a,38.789380,0.163417
DAMA DE ELCHE,Espagne,https://www.google.com/maps/search/?api=1&query=%22DAMA+DE+ELCHE%22+tenis+de+mesa+Espa%C3%B1a,38.263948,-0.695853
EIVISSA TT,Espagne,https://www.google.com/maps/search/?api=1&query=%22EIVISSA+TT%22+tenis+de+mesa+Espa%C3%B1a,38.910072,1.430454
ELIOCROCA,Espagne,https://www.google.com/maps/search/?api=1&query=%22ELIOCROCA%22+tenis+de+mesa+Espa%C3%B1a,40.379585,-3.706437
ELS AMICS TERRASA,Espagne,https://www.google.com/maps/search/?api=1&query=%22ELS+AMICS+TERRASA%22+tenis+de+mesa+Espa%C3%B1a,41.564725,2.012424
FALCONS SABADELL A.E.,Espagne,https://www.google.com/maps/search/?api=1&query=%22FALCONS+SABADELL+A.E.%22+tenis+de+mesa+Espa%C3%B1a,40.379585,-3.706437
FUENCARRAL - EL PARDO TM,Espagne,https://www.google.com/maps/search/?api=1&query=%22FUENCARRAL+-+EL+PARDO+TM%22+tenis+de+mesa+Espa%C3%B1a,40.502657,-3.710691
FUENLABRADA TEAM,Espagne,https://www.google.com/maps/search/?api=1&query=%22FUENLABRADA+TEAM%22+tenis+de+mesa+Espa%C3%B1a,40.282476,-3.792342
FUENTE DE CANTOS,Espagne,https://www.google.com/maps/search/?api=1&query=%22FUENTE+DE+CANTOS%22+tenis+de+mesa+Espa%C3%B1a,38.246138,-6.307427
GASTEIZ,Espagne,https://www.google.com/maps/search/?api=1&query=%22GASTEIZ%22+tenis+de+mesa+Espa%C3%B1a,42.850584,-2.661450
GUADARRAMA,Espagne,https://www.google.com/maps/search/?api=1&query=%22GUADARRAMA%22+tenis+de+mesa+Espa%C3%B1a,40.672435,-4.089038
GURE TALDE,Espagne,https://www.google.com/maps/search/?api=1&query=%22GURE+TALDE%22+tenis+de+mesa+Espa%C3%B1a,43.231411,-2.844051
ILLAS CIES TM,Espagne,https://www.google.com/maps/search/?api=1&query=%22ILLAS+CIES+TM%22+tenis+de+mesa+Espa%C3%B1a,42.218925,-8.905576
INCA,Espagne,https://www.google.com/maps/search/?api=1&query=%22INCA%22+tenis+de+mesa+Espa%C3%B1a,39.721145,2.911149
INDEPENDIENTE-AND,Espagne,https://www.google.com/maps/search/?api=1&query=%22INDEPENDIENTE-AND%22+tenis+de+mesa+Espa%C3%B1a,41.634485,-4.739018
INDEPENDIENTE-RFETM,Espagne,https://www.google.com/maps/search/?api=1&query=%22INDEPENDIENTE-RFETM%22+tenis+de+mesa+Espa%C3%B1a,37.287699,-7.146228
JEREZ,Espagne,https://www.google.com/maps/search/?api=1&query=%22JEREZ%22+tenis+de+mesa+Espa%C3%B1a,36.681694,-6.137740
JUVENTUD,Espagne,https://www.google.com/maps/search/?api=1&query=%22JUVENTUD%22+tenis+de+mesa+Espa%C3%B1a,42.341194,-3.722564
LEKA ENEA IRUN,Espagne,https://www.google.com/maps/search/?api=1&query=%22LEKA+ENEA+IRUN%22+tenis+de+mesa+Espa%C3%B1a,43.341191,-1.772099
LLUISOS DE GRACIA,Espagne,https://www.google.com/maps/search/?api=1&query=%22LLUISOS+DE+GRACIA%22+tenis+de+mesa+Espa%C3%B1a,41.407369,2.155317
LOS TRES BALCONES,Espagne,https://www.google.com/maps/search/?api=1&query=%22LOS+TRES+BALCONES%22+tenis+de+mesa+Espa%C3%B1a,36.419525,-5.155727
LUARCA TM,Espagne,https://www.google.com/maps/search/?api=1&query=%22LUARCA+TM%22+tenis+de+mesa+Espa%C3%B1a,43.537577,-6.536670
L´ESCALA,Espagne,https://www.google.com/maps/search/?api=1&query=%22L%C2%B4ESCALA%22+tenis+de+mesa+Espa%C3%B1a,42.113535,3.138742
L´HOSPITALET,Espagne,https://www.google.com/maps/search/?api=1&query=%22L%C2%B4HOSPITALET%22+tenis+de+mesa+Espa%C3%B1a,41.359512,2.099632
MADRID CTM,Espagne,https://www.google.com/maps/search/?api=1&query=%22MADRID+CTM%22+tenis+de+mesa+Espa%C3%B1a,40.365875,-3.654978
MANZANARES,Espagne,https://www.google.com/maps/search/?api=1&query=%22MANZANARES%22+tenis+de+mesa+Espa%C3%B1a,38.996224,-3.372214
MASQUEFA TTC,Espagne,https://www.google.com/maps/search/?api=1&query=%22MASQUEFA+TTC%22+tenis+de+mesa+Espa%C3%B1a,41.502635,1.811072
MONTE PORREIRO,Espagne,https://www.google.com/maps/search/?api=1&query=%22MONTE+PORREIRO%22+tenis+de+mesa+Espa%C3%B1a,42.446265,-8.624308
NATACIO MATARO,Espagne,https://www.google.com/maps/search/?api=1&query=%22NATACIO+MATARO%22+tenis+de+mesa+Espa%C3%B1a,41.539835,2.444893
NOVACARTAMA TM,Espagne,https://www.google.com/maps/search/?api=1&query=%22NOVACARTAMA+TM%22+tenis+de+mesa+Espa%C3%B1a,36.710072,-4.631539
OBERENA,Espagne,https://www.google.com/maps/search/?api=1&query=%22OBERENA%22+tenis+de+mesa+Espa%C3%B1a,42.804392,-1.637328
OLOT,Espagne,https://www.google.com/maps/search/?api=1&query=%22OLOT%22+tenis+de+mesa+Espa%C3%B1a,42.182218,2.489021
OVIEDO-MADRID,Espagne,https://www.google.com/maps/search/?api=1&query=%22OVIEDO-MADRID%22+tenis+de+mesa+Espa%C3%B1a,40.446729,-3.671876
PALMA TT,Espagne,https://www.google.com/maps/search/?api=1&query=%22PALMA+TT%22+tenis+de+mesa+Espa%C3%B1a,39.569582,2.650075
PORTUENSE,Espagne,https://www.google.com/maps/search/?api=1&query=%22PORTUENSE%22+tenis+de+mesa+Espa%C3%B1a,40.379585,-3.706437
PRIEGO MUJER Y PROGRESO TM,Espagne,https://www.google.com/maps/search/?api=1&query=%22PRIEGO+MUJER+Y+PROGRESO+TM%22+tenis+de+mesa+Espa%C3%B1a,38.097501,-1.799221
PUBLIMAX C.D. SANTIAGO T.M.,Espagne,https://www.google.com/maps/search/?api=1&query=%22PUBLIMAX+C.D.+SANTIAGO+T.M.%22+tenis+de+mesa+Espa%C3%B1a,40.379585,-3.706437
REAL CLUB PRIEGO TM,Espagne,https://www.google.com/maps/search/?api=1&query=%22REAL+CLUB+PRIEGO+TM%22+tenis+de+mesa+Espa%C3%B1a,37.436931,-4.222775
REAL CTM LINARES,Espagne,https://www.google.com/maps/search/?api=1&query=%22REAL+CTM+LINARES%22+tenis+de+mesa+Espa%C3%B1a,38.087695,-3.640179
SALLENT,Espagne,https://www.google.com/maps/search/?api=1&query=%22SALLENT%22+tenis+de+mesa+Espa%C3%B1a,41.839040,1.908161
SAN JOSE,Espagne,https://www.google.com/maps/search/?api=1&query=%22SAN+JOSE%22+tenis+de+mesa+Espa%C3%B1a,38.922063,1.293994
SAN SEBASTIAN REYES,Espagne,https://www.google.com/maps/search/?api=1&query=%22SAN+SEBASTIAN+REYES%22+tenis+de+mesa+Espa%C3%B1a,43.315557,-1.980738
SANT CUGAT,Espagne,https://www.google.com/maps/search/?api=1&query=%22SANT+CUGAT%22+tenis+de+mesa+Espa%C3%B1a,41.470793,2.084881
SANTA EULARIA,Espagne,https://www.google.com/maps/search/?api=1&query=%22SANTA+EULARIA%22+tenis+de+mesa+Espa%C3%B1a,42.709584,0.902078
SON CLADERA TTC,Espagne,https://www.google.com/maps/search/?api=1&query=%22SON+CLADERA+TTC%22+tenis+de+mesa+Espa%C3%B1a,39.564420,2.625461
TABOR,Espagne,https://www.google.com/maps/search/?api=1&query=%22TABOR%22+tenis+de+mesa+Espa%C3%B1a,43.075508,-3.070743
TALAVERA,Espagne,https://www.google.com/maps/search/?api=1&query=%22TALAVERA%22+tenis+de+mesa+Espa%C3%B1a,41.581798,1.338260
TEMESPIN,Espagne,https://www.google.com/maps/search/?api=1&query=%22TEMESPIN%22+tenis+de+mesa+Espa%C3%B1a,40.379585,-3.706437
TM PONTEVEDRA,Espagne,https://www.google.com/maps/search/?api=1&query=%22TM+PONTEVEDRA%22+tenis+de+mesa+Espa%C3%B1a,42.166581,-8.621853
TM ROQUETAS,Espagne,https://www.google.com/maps/search/?api=1&query=%22TM+ROQUETAS%22+tenis+de+mesa+Espa%C3%B1a,40.820366,0.503430
TRAMUNTANA,Espagne,https://www.google.com/maps/search/?api=1&query=%22TRAMUNTANA%22+tenis+de+mesa+Espa%C3%B1a,39.598129,2.338106
TT GANXETS,Espagne,https://www.google.com/maps/search/?api=1&query=%22TT+GANXETS%22+tenis+de+mesa+Espa%C3%B1a,41.157875,1.118246
UCAM TM CARTAGENA,Espagne,https://www.google.com/maps/search/?api=1&query=%22UCAM+TM+CARTAGENA%22+tenis+de+mesa+Espa%C3%B1a,37.630340,-1.011424
UTEBO TM,Espagne,https://www.google.com/maps/search/?api=1&query=%22UTEBO+TM%22+tenis+de+mesa+Espa%C3%B1a,41.714083,-0.994359
VALDEMORO,Espagne,https://www.google.com/maps/search/?api=1&query=%22VALDEMORO%22+tenis+de+mesa+Espa%C3%B1a,40.188684,-3.670573
VALLS DEL NORD,Espagne,https://www.google.com/maps/search/?api=1&query=%22VALLS+DEL+NORD%22+tenis+de+mesa+Espa%C3%B1a,41.293000,1.255631
VEGAS DEL GENIL,Espagne,https://www.google.com/maps/search/?api=1&query=%22VEGAS+DEL+GENIL%22+tenis+de+mesa+Espa%C3%B1a,37.168708,-3.689070
VIC T.T.,Espagne,https://www.google.com/maps/search/?api=1&query=%22VIC+T.T.%22+tenis+de+mesa+Espa%C3%B1a,40.796702,0.525940
VILAGARCIA TM,Espagne,https://www.google.com/maps/search/?api=1&query=%22VILAGARCIA+TM%22+tenis+de+mesa+Espa%C3%B1a,42.594763,-8.766918
VIVE TOMELLOSO,Espagne,https://www.google.com/maps/search/?api=1&query=%22VIVE+TOMELLOSO%22+tenis+de+mesa+Espa%C3%B1a,39.158555,-3.021485
AC.MUS.E REC. 8 DE JAN.,Portugal,https://www.google.com/maps/search/?api=1&query=%22AC.MUS.E+REC.+8+DE+JAN.%22+t%C3%A9nis+de+mesa+Portugal,38.205247,-8.770876
ACD São João,Portugal,https://www.google.com/maps/search/?api=1&query=%22ACD+S%C3%A3o+Jo%C3%A3o%22+t%C3%A9nis+de+mesa+Portugal,39.549742,-8.004209
ACDR D.CARLOS I-TOP SPIN,Portugal,https://www.google.com/maps/search/?api=1&query=%22ACDR+D.CARLOS+I-TOP+SPIN%22+t%C3%A9nis+de+mesa+Portugal,38.707658,-9.196788
ACM Madeira,Portugal,https://www.google.com/maps/search/?api=1&query=%22ACM+Madeira%22+t%C3%A9nis+de+mesa+Portugal,40.214767,-8.415255
ACR .SAAVEDRA GUEDES,Portugal,https://www.google.com/maps/search/?api=1&query=%22ACR+.SAAVEDRA+GUEDES%22+t%C3%A9nis+de+mesa+Portugal,40.795302,-8.619940
ACR VALDAGUA,Portugal,https://www.google.com/maps/search/?api=1&query=%22ACR+VALDAGUA%22+t%C3%A9nis+de+mesa+Portugal,40.214767,-8.415255
AD Caramanchão,Portugal,https://www.google.com/maps/search/?api=1&query=%22AD+Caramanch%C3%A3o%22+t%C3%A9nis+de+mesa+Portugal,32.726920,-16.789717
AD Galomar,Portugal,https://www.google.com/maps/search/?api=1&query=%22AD+Galomar%22+t%C3%A9nis+de+mesa+Portugal,40.969118,-7.259984
AD JORGE ANTUNES,Portugal,https://www.google.com/maps/search/?api=1&query=%22AD+JORGE+ANTUNES%22+t%C3%A9nis+de+mesa+Portugal,38.731884,-9.137989
ADC LAPENSE,Portugal,https://www.google.com/maps/search/?api=1&query=%22ADC+LAPENSE%22+t%C3%A9nis+de+mesa+Portugal,40.495492,-7.897207
ADC Ponta Pargo,Portugal,https://www.google.com/maps/search/?api=1&query=%22ADC+Ponta+Pargo%22+t%C3%A9nis+de+mesa+Portugal,32.813927,-17.263069
ALA GONDOMAR,Portugal,https://www.google.com/maps/search/?api=1&query=%22ALA+GONDOMAR%22+t%C3%A9nis+de+mesa+Portugal,41.134276,-8.534048
APAE MUNDAO,Portugal,https://www.google.com/maps/search/?api=1&query=%22APAE+MUNDAO%22+t%C3%A9nis+de+mesa+Portugal,40.694619,-7.866127
AR CANIDELO,Portugal,https://www.google.com/maps/search/?api=1&query=%22AR+CANIDELO%22+t%C3%A9nis+de+mesa+Portugal,41.115194,-8.662933
AR Canidelense,Portugal,https://www.google.com/maps/search/?api=1&query=%22AR+Canidelense%22+t%C3%A9nis+de+mesa+Portugal,41.124188,-8.648524
AR NOVELENSE,Portugal,https://www.google.com/maps/search/?api=1&query=%22AR+NOVELENSE%22+t%C3%A9nis+de+mesa+Portugal,41.223997,-8.292169
ARC SOBRÃO,Portugal,https://www.google.com/maps/search/?api=1&query=%22ARC+SOBR%C3%83O%22+t%C3%A9nis+de+mesa+Portugal,41.273037,-8.396301
ATM POUSADA,Portugal,https://www.google.com/maps/search/?api=1&query=%22ATM+POUSADA%22+t%C3%A9nis+de+mesa+Portugal,40.871339,-8.647808
AV DE  LAMEGO - TM,Portugal,https://www.google.com/maps/search/?api=1&query=%22AV+DE++LAMEGO+-+TM%22+t%C3%A9nis+de+mesa+Portugal,40.214767,-8.415255
BOA HORA FC,Portugal,https://www.google.com/maps/search/?api=1&query=%22BOA+HORA+FC%22+t%C3%A9nis+de+mesa+Portugal,38.704241,-9.189615
CA DESP.BARBEITA,Portugal,https://www.google.com/maps/search/?api=1&query=%22CA+DESP.BARBEITA%22+t%C3%A9nis+de+mesa+Portugal,38.665161,-9.163340
CA MADALENA,Portugal,https://www.google.com/maps/search/?api=1&query=%22CA+MADALENA%22+t%C3%A9nis+de+mesa+Portugal,38.710800,-9.139437
CAD. OS VIANENSES,Portugal,https://www.google.com/maps/search/?api=1&query=%22CAD.+OS+VIANENSES%22+t%C3%A9nis+de+mesa+Portugal,41.693513,-8.828277
CC DE CURRELOS,Portugal,https://www.google.com/maps/search/?api=1&query=%22CC+DE+CURRELOS%22+t%C3%A9nis+de+mesa+Portugal,40.424361,-8.016485
CC S.JOAO DA MADEIRA,Portugal,https://www.google.com/maps/search/?api=1&query=%22CC+S.JOAO+DA+MADEIRA%22+t%C3%A9nis+de+mesa+Portugal,40.888916,-8.490984
CCR VALEGA,Portugal,https://www.google.com/maps/search/?api=1&query=%22CCR+VALEGA%22+t%C3%A9nis+de+mesa+Portugal,40.834947,-8.579334
CCR.ARRABAES,Portugal,https://www.google.com/maps/search/?api=1&query=%22CCR.ARRABAES%22+t%C3%A9nis+de+mesa+Portugal,41.284455,-7.810185
CD 1º Maio,Portugal,https://www.google.com/maps/search/?api=1&query=%22CD+1%C2%BA+Maio%22+t%C3%A9nis+de+mesa+Portugal,37.969957,-7.872534
CD PÓVOA,Portugal,https://www.google.com/maps/search/?api=1&query=%22CD+P%C3%93VOA%22+t%C3%A9nis+de+mesa+Portugal,41.570520,-6.314727
CD São Roque,Portugal,https://www.google.com/maps/search/?api=1&query=%22CD+S%C3%A3o+Roque%22+t%C3%A9nis+de+mesa+Portugal,40.877342,-8.471591
CDC NAVAIS,Portugal,https://www.google.com/maps/search/?api=1&query=%22CDC+NAVAIS%22+t%C3%A9nis+de+mesa+Portugal,41.429011,-8.757317
CDE B+S Santa Cruz,Portugal,https://www.google.com/maps/search/?api=1&query=%22CDE+B%2BS+Santa+Cruz%22+t%C3%A9nis+de+mesa+Portugal,41.123533,-8.025121
CDE POVOAÇÃO,Portugal,https://www.google.com/maps/search/?api=1&query=%22CDE+POVOA%C3%87%C3%83O%22+t%C3%A9nis+de+mesa+Portugal,37.746883,-25.245161
CFEA-Club Football Estrela,Portugal,https://www.google.com/maps/search/?api=1&query=%22CFEA-Club+Football+Estrela%22+t%C3%A9nis+de+mesa+Portugal,38.710822,-9.159685
CP ALVITO,Portugal,https://www.google.com/maps/search/?api=1&query=%22CP+ALVITO%22+t%C3%A9nis+de+mesa+Portugal,38.255967,-7.991803
CP SERPA,Portugal,https://www.google.com/maps/search/?api=1&query=%22CP+SERPA%22+t%C3%A9nis+de+mesa+Portugal,37.943652,-7.596690
CR.LEOES PORTO SALVO,Portugal,https://www.google.com/maps/search/?api=1&query=%22CR.LEOES+PORTO+SALVO%22+t%C3%A9nis+de+mesa+Portugal,41.285205,-8.291948
CRC NEVES,Portugal,https://www.google.com/maps/search/?api=1&query=%22CRC+NEVES%22+t%C3%A9nis+de+mesa+Portugal,41.285205,-8.291948
CRD ARRUDENSE,Portugal,https://www.google.com/maps/search/?api=1&query=%22CRD+ARRUDENSE%22+t%C3%A9nis+de+mesa+Portugal,38.981879,-9.076716
CS Marítimo,Portugal,https://www.google.com/maps/search/?api=1&query=%22CS+Mar%C3%ADtimo%22+t%C3%A9nis+de+mesa+Portugal,32.646495,-16.928424
CSC DE ORGENS,Portugal,https://www.google.com/maps/search/?api=1&query=%22CSC+DE+ORGENS%22+t%C3%A9nis+de+mesa+Portugal,40.663838,-7.937954
CTM DE LAGOS,Portugal,https://www.google.com/maps/search/?api=1&query=%22CTM+DE+LAGOS%22+t%C3%A9nis+de+mesa+Portugal,37.218310,-7.444202
CTM DE LOUSADA,Portugal,https://www.google.com/maps/search/?api=1&query=%22CTM+DE+LOUSADA%22+t%C3%A9nis+de+mesa+Portugal,41.285205,-8.291948
CTM DE SETÚBAL,Portugal,https://www.google.com/maps/search/?api=1&query=%22CTM+DE+SET%C3%9ABAL%22+t%C3%A9nis+de+mesa+Portugal,38.524178,-8.893234
CTM MIRANDELA,Portugal,https://www.google.com/maps/search/?api=1&query=%22CTM+MIRANDELA%22+t%C3%A9nis+de+mesa+Portugal,41.489615,-7.177479
CTM OLIVEIRINHA,Portugal,https://www.google.com/maps/search/?api=1&query=%22CTM+OLIVEIRINHA%22+t%C3%A9nis+de+mesa+Portugal,40.601775,-8.605865
CTM Ponta Sol,Portugal,https://www.google.com/maps/search/?api=1&query=%22CTM+Ponta+Sol%22+t%C3%A9nis+de+mesa+Portugal,38.724024,-28.265097
CTM Santa Teresinha,Portugal,https://www.google.com/maps/search/?api=1&query=%22CTM+Santa+Teresinha%22+t%C3%A9nis+de+mesa+Portugal,38.620405,-7.650056
CTM VILA REAL,Portugal,https://www.google.com/maps/search/?api=1&query=%22CTM+VILA+REAL%22+t%C3%A9nis+de+mesa+Portugal,37.213698,-7.442071
Câmara Lisboa Clube,Portugal,https://www.google.com/maps/search/?api=1&query=%22C%C3%A2mara+Lisboa+Clube%22+t%C3%A9nis+de+mesa+Portugal,38.714607,-9.140510
GC SANTO TIRSO,Portugal,https://www.google.com/maps/search/?api=1&query=%22GC+SANTO+TIRSO%22+t%C3%A9nis+de+mesa+Portugal,41.344006,-8.477202
GC VALBOM,Portugal,https://www.google.com/maps/search/?api=1&query=%22GC+VALBOM%22+t%C3%A9nis+de+mesa+Portugal,41.714979,-8.342864
GD Estreito,Portugal,https://www.google.com/maps/search/?api=1&query=%22GD+Estreito%22+t%C3%A9nis+de+mesa+Portugal,39.925652,-7.780889
GD PIC NIC,Portugal,https://www.google.com/maps/search/?api=1&query=%22GD+PIC+NIC%22+t%C3%A9nis+de+mesa+Portugal,38.790479,-9.379416
GD PIRESCOXE,Portugal,https://www.google.com/maps/search/?api=1&query=%22GD+PIRESCOXE%22+t%C3%A9nis+de+mesa+Portugal,38.837050,-9.091622
GD SÃO CIBRÃO,Portugal,https://www.google.com/maps/search/?api=1&query=%22GD+S%C3%83O+CIBR%C3%83O%22+t%C3%A9nis+de+mesa+Portugal,41.029662,-6.969346
GD TOLEDOS,Portugal,https://www.google.com/maps/search/?api=1&query=%22GD+TOLEDOS%22+t%C3%A9nis+de+mesa+Portugal,38.545508,-28.506100
GDCAAA GUILHABREU,Portugal,https://www.google.com/maps/search/?api=1&query=%22GDCAAA+GUILHABREU%22+t%C3%A9nis+de+mesa+Portugal,41.294595,-8.638224
GDCS DO JUNCAL,Portugal,https://www.google.com/maps/search/?api=1&query=%22GDCS+DO+JUNCAL%22+t%C3%A9nis+de+mesa+Portugal,39.602744,-8.901978
GR ESTª BONFIM,Portugal,https://www.google.com/maps/search/?api=1&query=%22GR+EST%C2%AA+BONFIM%22+t%C3%A9nis+de+mesa+Portugal,41.151070,-8.593957
IFC TORRENSE,Portugal,https://www.google.com/maps/search/?api=1&query=%22IFC+TORRENSE%22+t%C3%A9nis+de+mesa+Portugal,38.617701,-9.099888
LFC LOUROSA,Portugal,https://www.google.com/maps/search/?api=1&query=%22LFC+LOUROSA%22+t%C3%A9nis+de+mesa+Portugal,40.983541,-8.549919
MONTAMORA SC,Portugal,https://www.google.com/maps/search/?api=1&query=%22MONTAMORA+SC%22+t%C3%A9nis+de+mesa+Portugal,40.397249,-8.228717
NCR VALONGO,Portugal,https://www.google.com/maps/search/?api=1&query=%22NCR+VALONGO%22+t%C3%A9nis+de+mesa+Portugal,41.190979,-8.498051
OS UGAS A.D.C. EGA,Portugal,https://www.google.com/maps/search/?api=1&query=%22OS+UGAS+A.D.C.+EGA%22+t%C3%A9nis+de+mesa+Portugal,40.097568,-8.538607
Real Cerveirense 1321 - AD,Portugal,https://www.google.com/maps/search/?api=1&query=%22Real+Cerveirense+1321+-+AD%22+t%C3%A9nis+de+mesa+Portugal,41.280178,-7.710108
SBR.1º JANEIRO,Portugal,https://www.google.com/maps/search/?api=1&query=%22SBR.1%C2%BA+JANEIRO%22+t%C3%A9nis+de+mesa+Portugal,32.698055,-16.786675
SC POVOENSE,Portugal,https://www.google.com/maps/search/?api=1&query=%22SC+POVOENSE%22+t%C3%A9nis+de+mesa+Portugal,38.864771,-9.070138
SC TORRES,Portugal,https://www.google.com/maps/search/?api=1&query=%22SC+TORRES%22+t%C3%A9nis+de+mesa+Portugal,40.747733,-7.318718
SL BENFICA,Portugal,https://www.google.com/maps/search/?api=1&query=%22SL+BENFICA%22+t%C3%A9nis+de+mesa+Portugal,38.748171,-9.199478
SLU SERPENSE,Portugal,https://www.google.com/maps/search/?api=1&query=%22SLU+SERPENSE%22+t%C3%A9nis+de+mesa+Portugal,37.940811,-7.598867
SPORTING CP,Portugal,https://www.google.com/maps/search/?api=1&query=%22SPORTING+CP%22+t%C3%A9nis+de+mesa+Portugal,37.030117,-7.848224
Sporting CM,Portugal,https://www.google.com/maps/search/?api=1&query=%22Sporting+CM%22+t%C3%A9nis+de+mesa+Portugal,37.030117,-7.848224
SÃO COSME TMC,Portugal,https://www.google.com/maps/search/?api=1&query=%22S%C3%83O+COSME+TMC%22+t%C3%A9nis+de+mesa+Portugal,41.447386,-8.475030
U.SEBASTIANENSE FC,Portugal,https://www.google.com/maps/search/?api=1&query=%22U.SEBASTIANENSE+FC%22+t%C3%A9nis+de+mesa+Portugal,38.666871,-27.092057
UDC  DE ARGIVAI,Portugal,https://www.google.com/maps/search/?api=1&query=%22UDC++DE+ARGIVAI%22+t%C3%A9nis+de+mesa+Portugal,41.375654,-8.734186
VAGOS SC,Portugal,https://www.google.com/maps/search/?api=1&query=%22VAGOS+SC%22+t%C3%A9nis+de+mesa+Portugal,40.553892,-8.680915
VFC,Portugal,https://www.google.com/maps/search/?api=1&query=%22VFC%22+t%C3%A9nis+de+mesa+Portugal,37.717162,-25.433535
VSC,Portugal,https://www.google.com/maps/search/?api=1&query=%22VSC%22+t%C3%A9nis+de+mesa+Portugal,40.214767,-8.415255
上海地产集团,Chine,https://www.google.com/maps/search/?api=1&query=%22%E4%B8%8A%E6%B5%B7%E5%9C%B0%E4%BA%A7%E9%9B%86%E5%9B%A2%22+%E4%B9%92%E4%B9%93%E7%90%83+%E4%B8%AD%E5%9B%BD,31.195589,121.501126
上海沿浦,Chine,https://www.google.com/maps/search/?api=1&query=%22%E4%B8%8A%E6%B5%B7%E6%B2%BF%E6%B5%A6%22+%E4%B9%92%E4%B9%93%E7%90%83+%E4%B8%AD%E5%9B%BD,31.217821,121.532208
上海龙腾,Chine,https://www.google.com/maps/search/?api=1&query=%22%E4%B8%8A%E6%B5%B7%E9%BE%99%E8%85%BE%22+%E4%B9%92%E4%B9%93%E7%90%83+%E4%B8%AD%E5%9B%BD,31.278962,121.423827
临沂新星,Chine,https://www.google.com/maps/search/?api=1&query=%22%E4%B8%B4%E6%B2%82%E6%96%B0%E6%98%9F%22+%E4%B9%92%E4%B9%93%E7%90%83+%E4%B8%AD%E5%9B%BD,35.824427,117.836735
北京市先农坛,Chine,https://www.google.com/maps/search/?api=1&query=%22%E5%8C%97%E4%BA%AC%E5%B8%82%E5%85%88%E5%86%9C%E5%9D%9B%22+%E4%B9%92%E4%B9%93%E7%90%83+%E4%B8%AD%E5%9B%BD,39.876239,116.394173
华东理工大学,Chine,https://www.google.com/maps/search/?api=1&query=%22%E5%8D%8E%E4%B8%9C%E7%90%86%E5%B7%A5%E5%A4%A7%E5%AD%A6%22+%E4%B9%92%E4%B9%93%E7%90%83+%E4%B8%AD%E5%9B%BD,31.145081,121.419509
南京东大智能米粒一队,Chine,https://www.google.com/maps/search/?api=1&query=%22%E5%8D%97%E4%BA%AC%E4%B8%9C%E5%A4%A7%E6%99%BA%E8%83%BD%E7%B1%B3%E7%B2%92%E4%B8%80%E9%98%9F%22+%E4%B9%92%E4%B9%93%E7%90%83+%E4%B8%AD%E5%9B%BD,36.063377,103.832146
南京体育学院,Chine,https://www.google.com/maps/search/?api=1&query=%22%E5%8D%97%E4%BA%AC%E4%BD%93%E8%82%B2%E5%AD%A6%E9%99%A2%22+%E4%B9%92%E4%B9%93%E7%90%83+%E4%B8%AD%E5%9B%BD,32.045384,118.862041
四川丰谷,Chine,https://www.google.com/maps/search/?api=1&query=%22%E5%9B%9B%E5%B7%9D%E4%B8%B0%E8%B0%B7%22+%E4%B9%92%E4%B9%93%E7%90%83+%E4%B8%AD%E5%9B%BD,31.351485,104.825733
四川红树林,Chine,https://www.google.com/maps/search/?api=1&query=%22%E5%9B%9B%E5%B7%9D%E7%BA%A2%E6%A0%91%E6%9E%97%22+%E4%B9%92%E4%B9%93%E7%90%83+%E4%B8%AD%E5%9B%BD,30.822256,104.140424
四川银行,Chine,https://www.google.com/maps/search/?api=1&query=%22%E5%9B%9B%E5%B7%9D%E9%93%B6%E8%A1%8C%22+%E4%B9%92%E4%B9%93%E7%90%83+%E4%B8%AD%E5%9B%BD,26.581867,101.722698
大乒协华东理工,Chine,https://www.google.com/maps/search/?api=1&query=%22%E5%A4%A7%E4%B9%92%E5%8D%8F%E5%8D%8E%E4%B8%9C%E7%90%86%E5%B7%A5%22+%E4%B9%92%E4%B9%93%E7%90%83+%E4%B8%AD%E5%9B%BD,36.063377,103.832146
天津女队,Chine,https://www.google.com/maps/search/?api=1&query=%22%E5%A4%A9%E6%B4%A5%E5%A5%B3%E9%98%9F%22+%E4%B9%92%E4%B9%93%E7%90%83+%E4%B8%AD%E5%9B%BD,36.063377,103.832146
安徽中程·奕鹏,Chine,https://www.google.com/maps/search/?api=1&query=%22%E5%AE%89%E5%BE%BD%E4%B8%AD%E7%A8%8B%C2%B7%E5%A5%95%E9%B9%8F%22+%E4%B9%92%E4%B9%93%E7%90%83+%E4%B8%AD%E5%9B%BD,31.628072,117.575499
安徽中程一队,Chine,https://www.google.com/maps/search/?api=1&query=%22%E5%AE%89%E5%BE%BD%E4%B8%AD%E7%A8%8B%E4%B8%80%E9%98%9F%22+%E4%B9%92%E4%B9%93%E7%90%83+%E4%B8%AD%E5%9B%BD,36.063377,103.832146
安徽中程二队,Chine,https://www.google.com/maps/search/?api=1&query=%22%E5%AE%89%E5%BE%BD%E4%B8%AD%E7%A8%8B%E4%BA%8C%E9%98%9F%22+%E4%B9%92%E4%B9%93%E7%90%83+%E4%B8%AD%E5%9B%BD,36.063377,103.832146
安徽中程单招基地,Chine,https://www.google.com/maps/search/?api=1&query=%22%E5%AE%89%E5%BE%BD%E4%B8%AD%E7%A8%8B%E5%8D%95%E6%8B%9B%E5%9F%BA%E5%9C%B0%22+%E4%B9%92%E4%B9%93%E7%90%83+%E4%B8%AD%E5%9B%BD,31.793105,117.203751
山东胜利东胜,Chine,https://www.google.com/maps/search/?api=1&query=%22%E5%B1%B1%E4%B8%9C%E8%83%9C%E5%88%A9%E4%B8%9C%E8%83%9C%22+%E4%B9%92%E4%B9%93%E7%90%83+%E4%B8%AD%E5%9B%BD,36.651470,117.035143
山东至晟体育,Chine,https://www.google.com/maps/search/?api=1&query=%22%E5%B1%B1%E4%B8%9C%E8%87%B3%E6%99%9F%E4%BD%93%E8%82%B2%22+%E4%B9%92%E4%B9%93%E7%90%83+%E4%B8%AD%E5%9B%BD,36.330758,113.236759
山东魏桥·向尚运动,Chine,https://www.google.com/maps/search/?api=1&query=%22%E5%B1%B1%E4%B8%9C%E9%AD%8F%E6%A1%A5%C2%B7%E5%90%91%E5%B0%9A%E8%BF%90%E5%8A%A8%22+%E4%B9%92%E4%B9%93%E7%90%83+%E4%B8%AD%E5%9B%BD,37.030564,117.489610
山东鲁能,Chine,https://www.google.com/maps/search/?api=1&query=%22%E5%B1%B1%E4%B8%9C%E9%B2%81%E8%83%BD%22+%E4%B9%92%E4%B9%93%E7%90%83+%E4%B8%AD%E5%9B%BD,36.773070,117.040555
山西队,Chine,https://www.google.com/maps/search/?api=1&query=%22%E5%B1%B1%E8%A5%BF%E9%98%9F%22+%E4%B9%92%E4%B9%93%E7%90%83+%E4%B8%AD%E5%9B%BD,37.093076,111.597033
广东二沙深圳大学,Chine,https://www.google.com/maps/search/?api=1&query=%22%E5%B9%BF%E4%B8%9C%E4%BA%8C%E6%B2%99%E6%B7%B1%E5%9C%B3%E5%A4%A7%E5%AD%A6%22+%E4%B9%92%E4%B9%93%E7%90%83+%E4%B8%AD%E5%9B%BD,36.063377,103.832146
广东二沙深圳大学一队,Chine,https://www.google.com/maps/search/?api=1&query=%22%E5%B9%BF%E4%B8%9C%E4%BA%8C%E6%B2%99%E6%B7%B1%E5%9C%B3%E5%A4%A7%E5%AD%A6%E4%B8%80%E9%98%9F%22+%E4%B9%92%E4%B9%93%E7%90%83+%E4%B8%AD%E5%9B%BD,36.063377,103.832146
广东陈静俱乐部,Chine,https://www.google.com/maps/search/?api=1&query=%22%E5%B9%BF%E4%B8%9C%E9%99%88%E9%9D%99%E4%BF%B1%E4%B9%90%E9%83%A8%22+%E4%B9%92%E4%B9%93%E7%90%83+%E4%B8%AD%E5%9B%BD,36.063377,103.832146
成都香投,Chine,https://www.google.com/maps/search/?api=1&query=%22%E6%88%90%E9%83%BD%E9%A6%99%E6%8A%95%22+%E4%B9%92%E4%B9%93%E7%90%83+%E4%B8%AD%E5%9B%BD,30.311727,103.323047
成都高新若水居,Chine,https://www.google.com/maps/search/?api=1&query=%22%E6%88%90%E9%83%BD%E9%AB%98%E6%96%B0%E8%8B%A5%E6%B0%B4%E5%B1%85%22+%E4%B9%92%E4%B9%93%E7%90%83+%E4%B8%AD%E5%9B%BD,30.562141,104.059530
武汉经开港,Chine,https://www.google.com/maps/search/?api=1&query=%22%E6%AD%A6%E6%B1%89%E7%BB%8F%E5%BC%80%E6%B8%AF%22+%E4%B9%92%E4%B9%93%E7%90%83+%E4%B8%AD%E5%9B%BD,31.784366,117.304248
汕头明润,Chine,https://www.google.com/maps/search/?api=1&query=%22%E6%B1%95%E5%A4%B4%E6%98%8E%E6%B6%A6%22+%E4%B9%92%E4%B9%93%E7%90%83+%E4%B8%AD%E5%9B%BD,36.063377,103.832146
江苏中超电缆·迎福台,Chine,https://www.google.com/maps/search/?api=1&query=%22%E6%B1%9F%E8%8B%8F%E4%B8%AD%E8%B6%85%E7%94%B5%E7%BC%86%C2%B7%E8%BF%8E%E7%A6%8F%E5%8F%B0%22+%E4%B9%92%E4%B9%93%E7%90%83+%E4%B8%AD%E5%9B%BD,31.564182,117.443275
河南队,Chine,https://www.google.com/maps/search/?api=1&query=%22%E6%B2%B3%E5%8D%97%E9%98%9F%22+%E4%B9%92%E4%B9%93%E7%90%83+%E4%B8%AD%E5%9B%BD,34.451466,119.207239
泰州睿杰超峰,Chine,https://www.google.com/maps/search/?api=1&query=%22%E6%B3%B0%E5%B7%9E%E7%9D%BF%E6%9D%B0%E8%B6%85%E5%B3%B0%22+%E4%B9%92%E4%B9%93%E7%90%83+%E4%B8%AD%E5%9B%BD,36.063377,103.832146
济南乐搏,Chine,https://www.google.com/maps/search/?api=1&query=%22%E6%B5%8E%E5%8D%97%E4%B9%90%E6%90%8F%22+%E4%B9%92%E4%B9%93%E7%90%83+%E4%B8%AD%E5%9B%BD,36.666449,117.128700
浙江竞体,Chine,https://www.google.com/maps/search/?api=1&query=%22%E6%B5%99%E6%B1%9F%E7%AB%9E%E4%BD%93%22+%E4%B9%92%E4%B9%93%E7%90%83+%E4%B8%AD%E5%9B%BD,27.977277,119.631124
深圳大学,Chine,https://www.google.com/maps/search/?api=1&query=%22%E6%B7%B1%E5%9C%B3%E5%A4%A7%E5%AD%A6%22+%E4%B9%92%E4%B9%93%E7%90%83+%E4%B8%AD%E5%9B%BD,22.535902,113.931475
深圳大学·暨南·深圳移动,Chine,https://www.google.com/maps/search/?api=1&query=%22%E6%B7%B1%E5%9C%B3%E5%A4%A7%E5%AD%A6%C2%B7%E6%9A%A8%E5%8D%97%C2%B7%E6%B7%B1%E5%9C%B3%E7%A7%BB%E5%8A%A8%22+%E4%B9%92%E4%B9%93%E7%90%83+%E4%B8%AD%E5%9B%BD,22.535902,113.931475
湖北乒协一队,Chine,https://www.google.com/maps/search/?api=1&query=%22%E6%B9%96%E5%8C%97%E4%B9%92%E5%8D%8F%E4%B8%80%E9%98%9F%22+%E4%B9%92%E4%B9%93%E7%90%83+%E4%B8%AD%E5%9B%BD,36.063377,103.832146
瑞昌市体总,Chine,https://www.google.com/maps/search/?api=1&query=%22%E7%91%9E%E6%98%8C%E5%B8%82%E4%BD%93%E6%80%BB%22+%E4%B9%92%E4%B9%93%E7%90%83+%E4%B8%AD%E5%9B%BD,43.808204,87.576712
福建安井,Chine,https://www.google.com/maps/search/?api=1&query=%22%E7%A6%8F%E5%BB%BA%E5%AE%89%E4%BA%95%22+%E4%B9%92%E4%B9%93%E7%90%83+%E4%B8%AD%E5%9B%BD,25.153228,119.088642
耐普股份,Chine,https://www.google.com/maps/search/?api=1&query=%22%E8%80%90%E6%99%AE%E8%82%A1%E4%BB%BD%22+%E4%B9%92%E4%B9%93%E7%90%83+%E4%B8%AD%E5%9B%BD,35.749263,115.201447
西安刘楠一队,Chine,https://www.google.com/maps/search/?api=1&query=%22%E8%A5%BF%E5%AE%89%E5%88%98%E6%A5%A0%E4%B8%80%E9%98%9F%22+%E4%B9%92%E4%B9%93%E7%90%83+%E4%B8%AD%E5%9B%BD,36.063377,103.832146
西安刘楠二队,Chine,https://www.google.com/maps/search/?api=1&query=%22%E8%A5%BF%E5%AE%89%E5%88%98%E6%A5%A0%E4%BA%8C%E9%98%9F%22+%E4%B9%92%E4%B9%93%E7%90%83+%E4%B8%AD%E5%9B%BD,36.063377,103.832146
辽宁队,Chine,https://www.google.com/maps/search/?api=1&query=%22%E8%BE%BD%E5%AE%81%E9%98%9F%22+%E4%B9%92%E4%B9%93%E7%90%83+%E4%B8%AD%E5%9B%BD,39.822789,123.260810
重庆南开融侨中学,Chine,https://www.google.com/maps/search/?api=1&query=%22%E9%87%8D%E5%BA%86%E5%8D%97%E5%BC%80%E8%9E%8D%E4%BE%A8%E4%B8%AD%E5%AD%A6%22+%E4%B9%92%E4%B9%93%E7%90%83+%E4%B8%AD%E5%9B%BD,31.893935,117.358385
重庆成现中滨,Chine,https://www.google.com/maps/search/?api=1&query=%22%E9%87%8D%E5%BA%86%E6%88%90%E7%8E%B0%E4%B8%AD%E6%BB%A8%22+%E4%B9%92%E4%B9%93%E7%90%83+%E4%B8%AD%E5%9B%BD,31.756570,117.297121
重庆成现体育,Chine,https://www.google.com/maps/search/?api=1&query=%22%E9%87%8D%E5%BA%86%E6%88%90%E7%8E%B0%E4%BD%93%E8%82%B2%22+%E4%B9%92%E4%B9%93%E7%90%83+%E4%B8%AD%E5%9B%BD,30.002088,106.257216
陕西三八妇乐,Chine,https://www.google.com/maps/search/?api=1&query=%22%E9%99%95%E8%A5%BF%E4%B8%89%E5%85%AB%E5%A6%87%E4%B9%90%22+%E4%B9%92%E4%B9%93%E7%90%83+%E4%B8%AD%E5%9B%BD,36.063377,103.832146
黄石基地·华新,Chine,https://www.google.com/maps/search/?api=1&query=%22%E9%BB%84%E7%9F%B3%E5%9F%BA%E5%9C%B0%C2%B7%E5%8D%8E%E6%96%B0%22+%E4%B9%92%E4%B9%93%E7%90%83+%E4%B8%AD%E5%9B%BD,22.885813,108.274717
Borussia Düsseldorf,Allemagne,https://www.google.com/maps/search/?api=1&query=%22Borussia+D%C3%BCsseldorf%22+Tischtennis+Deutschland,51.244546,6.828625
TTC Schwalbe Bergneustadt,Allemagne,https://www.google.com/maps/search/?api=1&query=%22TTC+Schwalbe+Bergneustadt%22+Tischtennis+Deutschland,51.020742,7.649073
TTC RhönSprudel Fulda-Maberzell,Allemagne,https://www.google.com/maps/search/?api=1&query=%22TTC+Rh%C3%B6nSprudel+Fulda-Maberzell%22+Tischtennis+Deutschland,50.477674,9.784164
1. FC Saarbrücken-TT,Allemagne,https://www.google.com/maps/search/?api=1&query=%221.+FC+Saarbr%C3%BCcken-TT%22+Tischtennis+Deutschland,49.210168,7.114146
TSV Bad Königshofen,Allemagne,https://www.google.com/maps/search/?api=1&query=%22TSV+Bad+K%C3%B6nigshofen%22+Tischtennis+Deutschland,50.304710,10.467400
Post SV Mühlhausen 1951 e.V.,Allemagne,https://www.google.com/maps/search/?api=1&query=%22Post+SV+M%C3%BChlhausen+1951+e.V.%22+Tischtennis+Deutschland,48.503224,8.462938
Sportverein Union Velbert 2011 e.V.,Allemagne,https://www.google.com/maps/search/?api=1&query=%22Sportverein+Union+Velbert+2011+e.V.%22+Tischtennis+Deutschland,51.319209,7.062771
TSG Kaiserslautern,Allemagne,https://www.google.com/maps/search/?api=1&query=%22TSG+Kaiserslautern%22+Tischtennis+Deutschland,49.427630,7.755634
Poland,Allemagne,https://www.google.com/maps/search/?api=1&query=%22Poland%22+Tischtennis+Deutschland,52.069300,19.480300
ASC Grünwettersbach,Allemagne,https://www.google.com/maps/search/?api=1&query=%22ASC+Gr%C3%BCnwettersbach%22+Tischtennis+Deutschland,48.953044,8.478041
TSV Dachau 65,Allemagne,https://www.google.com/maps/search/?api=1&query=%22TSV+Dachau+65%22+Tischtennis+Deutschland,48.259509,11.434672
TTC Zugbrücke Grenzau,Allemagne,https://www.google.com/maps/search/?api=1&query=%22TTC+Zugbr%C3%BCcke+Grenzau%22+Tischtennis+Deutschland,50.452512,7.661585
SV DJK Kolbermoor,Allemagne,https://www.google.com/maps/search/?api=1&query=%22SV+DJK+Kolbermoor%22+Tischtennis+Deutschland,47.854189,12.072649
1. FC Köln 01/07 e.V.,Allemagne,https://www.google.com/maps/search/?api=1&query=%221.+FC+K%C3%B6ln+01%2F07+e.V.%22+Tischtennis+Deutschland,50.557117,7.136606
TSV Windsbach,Allemagne,https://www.google.com/maps/search/?api=1&query=%22TSV+Windsbach%22+Tischtennis+Deutschland,49.279784,10.695136
Oldenburger TB,Allemagne,https://www.google.com/maps/search/?api=1&query=%22Oldenburger+TB%22+Tischtennis+Deutschland,53.951423,13.610877
BV Borussia 09 Dortmund,Allemagne,https://www.google.com/maps/search/?api=1&query=%22BV+Borussia+09+Dortmund%22+Tischtennis+Deutschland,51.487429,7.381556
TTC OE Clarity Telefonie-Systeme Bad Homburg e.V.,Allemagne,https://www.google.com/maps/search/?api=1&query=%22TTC+OE+Clarity+Telefonie-Systeme+Bad+Homburg+e.V.%22+Tischtennis+Deutschland,50.215373,8.621293
TV 1879 Hilpoltstein,Allemagne,https://www.google.com/maps/search/?api=1&query=%22TV+1879+Hilpoltstein%22+Tischtennis+Deutschland,49.191310,11.197195
DJK Sportbund Stuttgart,Allemagne,https://www.google.com/maps/search/?api=1&query=%22DJK+Sportbund+Stuttgart%22+Tischtennis+Deutschland,48.795725,9.223099
ttc berlin eastside,Allemagne,https://www.google.com/maps/search/?api=1&query=%22ttc+berlin+eastside%22+Tischtennis+Deutschland,52.532075,13.450411
TTC SR Hohenstein-Ernstthal,Allemagne,https://www.google.com/maps/search/?api=1&query=%22TTC+SR+Hohenstein-Ernstthal%22+Tischtennis+Deutschland,50.801140,12.709857
SC Staig,Allemagne,https://www.google.com/maps/search/?api=1&query=%22SC+Staig%22+Tischtennis+Deutschland,50.949956,10.396494
TTC Waldniel,Allemagne,https://www.google.com/maps/search/?api=1&query=%22TTC+Waldniel%22+Tischtennis+Deutschland,50.202455,11.467123
Füchse Berlin Reinickendorf,Allemagne,https://www.google.com/maps/search/?api=1&query=%22F%C3%BCchse+Berlin+Reinickendorf%22+Tischtennis+Deutschland,52.576594,13.356397
SB Versbach,Allemagne,https://www.google.com/maps/search/?api=1&query=%22SB+Versbach%22+Tischtennis+Deutschland,49.822119,9.984102
TTC 1946 Weinheim e.V.,Allemagne,https://www.google.com/maps/search/?api=1&query=%22TTC+1946+Weinheim+e.V.%22+Tischtennis+Deutschland,49.570210,8.611918
TGS Hausen 1897,Allemagne,https://www.google.com/maps/search/?api=1&query=%22TGS+Hausen+1897%22+Tischtennis+Deutschland,48.148108,8.587650
TTC RW 1921 Biebrich,Allemagne,https://www.google.com/maps/search/?api=1&query=%22TTC+RW+1921+Biebrich%22+Tischtennis+Deutschland,50.303029,7.954496
DJK Franz-Sales-Haus Essen,Allemagne,https://www.google.com/maps/search/?api=1&query=%22DJK+Franz-Sales-Haus+Essen%22+Tischtennis+Deutschland,51.448004,7.041830
Austria,Allemagne,https://www.google.com/maps/search/?api=1&query=%22Austria%22+Tischtennis+Deutschland,47.516200,14.550100
TSV Algesdorf,Allemagne,https://www.google.com/maps/search/?api=1&query=%22TSV+Algesdorf%22+Tischtennis+Deutschland,52.319945,9.343293
TTC Kist,Allemagne,https://www.google.com/maps/search/?api=1&query=%22TTC+Kist%22+Tischtennis+Deutschland,50.202455,11.467123
TTC GW Bad Hamm,Allemagne,https://www.google.com/maps/search/?api=1&query=%22TTC+GW+Bad+Hamm%22+Tischtennis+Deutschland,51.681281,7.819119
TSV 1909 Langstadt,Allemagne,https://www.google.com/maps/search/?api=1&query=%22TSV+1909+Langstadt%22+Tischtennis+Deutschland,49.923513,8.950714
TuS Uentrop,Allemagne,https://www.google.com/maps/search/?api=1&query=%22TuS+Uentrop%22+Tischtennis+Deutschland,51.692689,7.930363
TTG Bingen/Münster-Sarmsheim,Allemagne,https://www.google.com/maps/search/?api=1&query=%22TTG+Bingen%2FM%C3%BCnster-Sarmsheim%22+Tischtennis+Deutschland,49.943350,7.892880
TTC Zella-Mehlis e.V.,Allemagne,https://www.google.com/maps/search/?api=1&query=%22TTC+Zella-Mehlis+e.V.%22+Tischtennis+Deutschland,50.670154,10.653945
TuS Celle,Allemagne,https://www.google.com/maps/search/?api=1&query=%22TuS+Celle%22+Tischtennis+Deutschland,52.620744,10.048714
Eintracht Frankfurt,Allemagne,https://www.google.com/maps/search/?api=1&query=%22Eintracht+Frankfurt%22+Tischtennis+Deutschland,50.099218,8.629209
SportKultur Stuttgart,Allemagne,https://www.google.com/maps/search/?api=1&query=%22SportKultur+Stuttgart%22+Tischtennis+Deutschland,48.765136,9.251518
TV Refrath,Allemagne,https://www.google.com/maps/search/?api=1&query=%22TV+Refrath%22+Tischtennis+Deutschland,50.957265,7.110805
TSV Schwarzenbek,Allemagne,https://www.google.com/maps/search/?api=1&query=%22TSV+Schwarzenbek%22+Tischtennis+Deutschland,53.503122,10.478564
1. FSV Mainz 05 e. V.,Allemagne,https://www.google.com/maps/search/?api=1&query=%221.+FSV+Mainz+05+e.+V.%22+Tischtennis+Deutschland,49.984513,8.223995
Hannover 96,Allemagne,https://www.google.com/maps/search/?api=1&query=%22Hannover+96%22+Tischtennis+Deutschland,52.387311,9.727256
SC Arminia Ochtrup,Allemagne,https://www.google.com/maps/search/?api=1&query=%22SC+Arminia+Ochtrup%22+Tischtennis+Deutschland,52.210231,7.188806
TTG St. Augustin,Allemagne,https://www.google.com/maps/search/?api=1&query=%22TTG+St.+Augustin%22+Tischtennis+Deutschland,50.202455,11.467123
Gießener SV,Allemagne,https://www.google.com/maps/search/?api=1&query=%22Gie%C3%9Fener+SV%22+Tischtennis+Deutschland,50.560415,8.670089
TTF Illtal,Allemagne,https://www.google.com/maps/search/?api=1&query=%22TTF+Illtal%22+Tischtennis+Deutschland,50.202455,11.467123
TTC Lantenbach 1957 e.V.,Allemagne,https://www.google.com/maps/search/?api=1&query=%22TTC+Lantenbach+1957+e.V.%22+Tischtennis+Deutschland,51.046904,10.958362
TTC immoXone Bietigheim-Bissingen,Allemagne,https://www.google.com/maps/search/?api=1&query=%22TTC+immoXone+Bietigheim-Bissingen%22+Tischtennis+Deutschland,48.949324,9.136423
TV 1894 Okarben,Allemagne,https://www.google.com/maps/search/?api=1&query=%22TV+1894+Okarben%22+Tischtennis+Deutschland,50.250451,8.754869
TV Kieselbronn e.V.,Allemagne,https://www.google.com/maps/search/?api=1&query=%22TV+Kieselbronn+e.V.%22+Tischtennis+Deutschland,48.931888,8.755651
TSV Gilching-Argelsried,Allemagne,https://www.google.com/maps/search/?api=1&query=%22TSV+Gilching-Argelsried%22+Tischtennis+Deutschland,48.109133,11.279549
MTV Jever,Allemagne,https://www.google.com/maps/search/?api=1&query=%22MTV+Jever%22+Tischtennis+Deutschland,53.578665,7.894043
SV Berliner Brauereien,Allemagne,https://www.google.com/maps/search/?api=1&query=%22SV+Berliner+Brauereien%22+Tischtennis+Deutschland,52.536578,13.467923
VfR Fehlheim 1929,Allemagne,https://www.google.com/maps/search/?api=1&query=%22VfR+Fehlheim+1929%22+Tischtennis+Deutschland,49.704864,8.571591
TTC 95 Odenheim e.V.,Allemagne,https://www.google.com/maps/search/?api=1&query=%22TTC+95+Odenheim+e.V.%22+Tischtennis+Deutschland,49.186553,8.741317
Germany,Allemagne,https://www.google.com/maps/search/?api=1&query=%22Germany%22+Tischtennis+Deutschland,51.028852,13.751290
TTK Anröchte,Allemagne,https://www.google.com/maps/search/?api=1&query=%22TTK+Anr%C3%B6chte%22+Tischtennis+Deutschland,50.202455,11.467123
TTF Neuhausen/F.,Allemagne,https://www.google.com/maps/search/?api=1&query=%22TTF+Neuhausen%2FF.%22+Tischtennis+Deutschland,50.675000,13.466700
TTS Borsum,Allemagne,https://www.google.com/maps/search/?api=1&query=%22TTS+Borsum%22+Tischtennis+Deutschland,50.202455,11.467123
Tennis Borussia Berlin,Allemagne,https://www.google.com/maps/search/?api=1&query=%22Tennis+Borussia+Berlin%22+Tischtennis+Deutschland,52.557746,13.373114
TTSF Hohberg,Allemagne,https://www.google.com/maps/search/?api=1&query=%22TTSF+Hohberg%22+Tischtennis+Deutschland,50.939471,9.587612
TG 1953 Langenselbold,Allemagne,https://www.google.com/maps/search/?api=1&query=%22TG+1953+Langenselbold%22+Tischtennis+Deutschland,50.178081,9.043330
Sportclub Niestetal,Allemagne,https://www.google.com/maps/search/?api=1&query=%22Sportclub+Niestetal%22+Tischtennis+Deutschland,51.318698,9.586191
SpVgg Gröningen-Satteldorf,Allemagne,https://www.google.com/maps/search/?api=1&query=%22SpVgg+Gr%C3%B6ningen-Satteldorf%22+Tischtennis+Deutschland,49.181436,10.065876
Tischtennisclub Elz,Allemagne,https://www.google.com/maps/search/?api=1&query=%22Tischtennisclub+Elz%22+Tischtennis+Deutschland,50.366662,7.602996
TTV Neheim-Hüsten,Allemagne,https://www.google.com/maps/search/?api=1&query=%22TTV+Neheim-H%C3%BCsten%22+Tischtennis+Deutschland,51.437648,7.970908
SC Marklohe,Allemagne,https://www.google.com/maps/search/?api=1&query=%22SC+Marklohe%22+Tischtennis+Deutschland,50.949956,10.396494
SV Siek,Allemagne,https://www.google.com/maps/search/?api=1&query=%22SV+Siek%22+Tischtennis+Deutschland,53.651949,10.327428
TV 06 Limbach,Allemagne,https://www.google.com/maps/search/?api=1&query=%22TV+06+Limbach%22+Tischtennis+Deutschland,50.701205,7.799979
TS Einfeld Neumünster,Allemagne,https://www.google.com/maps/search/?api=1&query=%22TS+Einfeld+Neum%C3%BCnster%22+Tischtennis+Deutschland,54.129418,9.996459
SV Motor 1951 Falkensee,Allemagne,https://www.google.com/maps/search/?api=1&query=%22SV+Motor+1951+Falkensee%22+Tischtennis+Deutschland,52.569179,13.051515
TV Friedeburg,Allemagne,https://www.google.com/maps/search/?api=1&query=%22TV+Friedeburg%22+Tischtennis+Deutschland,48.366145,10.957927
TSV Lunestedt,Allemagne,https://www.google.com/maps/search/?api=1&query=%22TSV+Lunestedt%22+Tischtennis+Deutschland,53.436365,8.743645
TTC Höchst/Nidder,Allemagne,https://www.google.com/maps/search/?api=1&query=%22TTC+H%C3%B6chst%2FNidder%22+Tischtennis+Deutschland,50.274009,8.928199
FC Bayern München e.V.,Allemagne,https://www.google.com/maps/search/?api=1&query=%22FC+Bayern+M%C3%BCnchen+e.V.%22+Tischtennis+Deutschland,48.101018,11.574375
SV Union Salzgitter,Allemagne,https://www.google.com/maps/search/?api=1&query=%22SV+Union+Salzgitter%22+Tischtennis+Deutschland,52.038860,10.397155
TTG Kleinsteinbach/Singen,Allemagne,https://www.google.com/maps/search/?api=1&query=%22TTG+Kleinsteinbach%2FSingen%22+Tischtennis+Deutschland,48.966922,8.559365
TSV 1907 Allendorf/Lda,Allemagne,https://www.google.com/maps/search/?api=1&query=%22TSV+1907+Allendorf%2FLda%22+Tischtennis+Deutschland,50.671672,8.813828
TG Würzburg Heidingsfeld 1861,Allemagne,https://www.google.com/maps/search/?api=1&query=%22TG+W%C3%BCrzburg+Heidingsfeld+1861%22+Tischtennis+Deutschland,49.764350,9.948910
DJK Germania Lenkerbeck,Allemagne,https://www.google.com/maps/search/?api=1&query=%22DJK+Germania+Lenkerbeck%22+Tischtennis+Deutschland,51.666511,7.161638
MTV Eintracht Bledeln,Allemagne,https://www.google.com/maps/search/?api=1&query=%22MTV+Eintracht+Bledeln%22+Tischtennis+Deutschland,52.269773,9.925342
SpVgg Thalkirchen e.V.,Allemagne,https://www.google.com/maps/search/?api=1&query=%22SpVgg+Thalkirchen+e.V.%22+Tischtennis+Deutschland,48.100372,11.547932
TV 1860 Nassau e. V.,Allemagne,https://www.google.com/maps/search/?api=1&query=%22TV+1860+Nassau+e.+V.%22+Tischtennis+Deutschland,47.649918,7.821985
TV Ruhmannsfelden,Allemagne,https://www.google.com/maps/search/?api=1&query=%22TV+Ruhmannsfelden%22+Tischtennis+Deutschland,48.982232,12.980520
RSV 1921 Klein-Winternheim e. V.,Allemagne,https://www.google.com/maps/search/?api=1&query=%22RSV+1921+Klein-Winternheim+e.+V.%22+Tischtennis+Deutschland,49.939863,8.214833
SV DJK Eggolsheim,Allemagne,https://www.google.com/maps/search/?api=1&query=%22SV+DJK+Eggolsheim%22+Tischtennis+Deutschland,49.767996,11.064095
TTC Langen 1950,Allemagne,https://www.google.com/maps/search/?api=1&query=%22TTC+Langen+1950%22+Tischtennis+Deutschland,49.991514,8.666702
Post SV Gütersloh,Allemagne,https://www.google.com/maps/search/?api=1&query=%22Post+SV+G%C3%BCtersloh%22+Tischtennis+Deutschland,51.907184,8.330585
TSV Bargteheide,Allemagne,https://www.google.com/maps/search/?api=1&query=%22TSV+Bargteheide%22+Tischtennis+Deutschland,53.727967,10.261807
Mettmann-Sport e.V.,Allemagne,https://www.google.com/maps/search/?api=1&query=%22Mettmann-Sport+e.V.%22+Tischtennis+Deutschland,51.145731,6.938919
TTC Altena,Allemagne,https://www.google.com/maps/search/?api=1&query=%22TTC+Altena%22+Tischtennis+Deutschland,50.202455,11.467123
TuS Sulingen,Allemagne,https://www.google.com/maps/search/?api=1&query=%22TuS+Sulingen%22+Tischtennis+Deutschland,52.678966,8.830577
DJK SpVgg Effeltrich,Allemagne,https://www.google.com/maps/search/?api=1&query=%22DJK+SpVgg+Effeltrich%22+Tischtennis+Deutschland,49.661488,11.092790
TV Boos 1924,Allemagne,https://www.google.com/maps/search/?api=1&query=%22TV+Boos+1924%22+Tischtennis+Deutschland,49.793421,7.717401
DJK Offenburg,Allemagne,https://www.google.com/maps/search/?api=1&query=%22DJK+Offenburg%22+Tischtennis+Deutschland,48.476498,7.957536
TTC Holzhausen,Allemagne,https://www.google.com/maps/search/?api=1&query=%22TTC+Holzhausen%22+Tischtennis+Deutschland,50.202455,11.467123
DJK TTV Biederitz,Allemagne,https://www.google.com/maps/search/?api=1&query=%22DJK+TTV+Biederitz%22+Tischtennis+Deutschland,52.156710,11.719833
VfR Birkmannsweiler,Allemagne,https://www.google.com/maps/search/?api=1&query=%22VfR+Birkmannsweiler%22+Tischtennis+Deutschland,48.864872,9.430574
TSV Gräfelfing e.V.,Allemagne,https://www.google.com/maps/search/?api=1&query=%22TSV+Gr%C3%A4felfing+e.V.%22+Tischtennis+Deutschland,48.225150,11.351029
SC Poppenbüttel,Allemagne,https://www.google.com/maps/search/?api=1&query=%22SC+Poppenb%C3%BCttel%22+Tischtennis+Deutschland,50.949956,10.396494
Oberalster VfW,Allemagne,https://www.google.com/maps/search/?api=1&query=%22Oberalster+VfW%22+Tischtennis+Deutschland,53.629384,10.030538
TuS Hornau,Allemagne,https://www.google.com/maps/search/?api=1&query=%22TuS+Hornau%22+Tischtennis+Deutschland,50.153537,8.441351
DJK Blau-Weiß Avenwedde,Allemagne,https://www.google.com/maps/search/?api=1&query=%22DJK+Blau-Wei%C3%9F+Avenwedde%22+Tischtennis+Deutschland,51.068985,10.349524
SV Wolsfeld,Allemagne,https://www.google.com/maps/search/?api=1&query=%22SV+Wolsfeld%22+Tischtennis+Deutschland,49.908012,6.467357
TTF Besseringen,Allemagne,https://www.google.com/maps/search/?api=1&query=%22TTF+Besseringen%22+Tischtennis+Deutschland,50.202455,11.467123
TTSC 09 Delmenhorst,Allemagne,https://www.google.com/maps/search/?api=1&query=%22TTSC+09+Delmenhorst%22+Tischtennis+Deutschland,53.048095,8.628607
ESV Weil,Allemagne,https://www.google.com/maps/search/?api=1&query=%22ESV+Weil%22+Tischtennis+Deutschland,47.879159,11.281719
SC Union Lüdinghausen,Allemagne,https://www.google.com/maps/search/?api=1&query=%22SC+Union+L%C3%BCdinghausen%22+Tischtennis+Deutschland,51.760307,7.443586
TTC indeland Jülich e.V.,Allemagne,https://www.google.com/maps/search/?api=1&query=%22TTC+indeland+J%C3%BClich+e.V.%22+Tischtennis+Deutschland,50.924313,6.343143
SV Niklashausen e.V.,Allemagne,https://www.google.com/maps/search/?api=1&query=%22SV+Niklashausen+e.V.%22+Tischtennis+Deutschland,49.703376,9.618362
FT V. 1844 Freiburg,Allemagne,https://www.google.com/maps/search/?api=1&query=%22FT+V.+1844+Freiburg%22+Tischtennis+Deutschland,47.969641,7.698233
TTC Düppel,Allemagne,https://www.google.com/maps/search/?api=1&query=%22TTC+D%C3%BCppel%22+Tischtennis+Deutschland,50.202455,11.467123
SSV Neuhaus,Allemagne,https://www.google.com/maps/search/?api=1&query=%22SSV+Neuhaus%22+Tischtennis+Deutschland,50.674741,13.465777
TuS Germania Schnelsen,Allemagne,https://www.google.com/maps/search/?api=1&query=%22TuS+Germania+Schnelsen%22+Tischtennis+Deutschland,53.637400,9.918831
TV 1894 Braunfels,Allemagne,https://www.google.com/maps/search/?api=1&query=%22TV+1894+Braunfels%22+Tischtennis+Deutschland,50.501725,8.401282
TTV Ronsdorf,Allemagne,https://www.google.com/maps/search/?api=1&query=%22TTV+Ronsdorf%22+Tischtennis+Deutschland,50.202455,11.467123
Hundsmühler TV,Allemagne,https://www.google.com/maps/search/?api=1&query=%22Hundsm%C3%BChler+TV%22+Tischtennis+Deutschland,53.113565,8.191990
USV Jena e.V.,Allemagne,https://www.google.com/maps/search/?api=1&query=%22USV+Jena+e.V.%22+Tischtennis+Deutschland,50.917670,11.580028
TTV Rees-Groin,Allemagne,https://www.google.com/maps/search/?api=1&query=%22TTV+Rees-Groin%22+Tischtennis+Deutschland,51.763661,6.396127
Essener Tischtennis-Verein 23,Allemagne,https://www.google.com/maps/search/?api=1&query=%22Essener+Tischtennis-Verein+23%22+Tischtennis+Deutschland,51.088219,9.975828
Post SV Zeulenroda,Allemagne,https://www.google.com/maps/search/?api=1&query=%22Post+SV+Zeulenroda%22+Tischtennis+Deutschland,50.648744,11.979507
SVH 1945 Kassel,Allemagne,https://www.google.com/maps/search/?api=1&query=%22SVH+1945+Kassel%22+Tischtennis+Deutschland,51.290086,9.618296
SV DJK Holzbüttgen,Allemagne,https://www.google.com/maps/search/?api=1&query=%22SV+DJK+Holzb%C3%BCttgen%22+Tischtennis+Deutschland,51.218968,6.617137
SV Böblingen,Allemagne,https://www.google.com/maps/search/?api=1&query=%22SV+B%C3%B6blingen%22+Tischtennis+Deutschland,48.695122,9.023120
MTV 1881 Ingolstadt,Allemagne,https://www.google.com/maps/search/?api=1&query=%22MTV+1881+Ingolstadt%22+Tischtennis+Deutschland,48.763016,11.425040
TSV Neuried e.V.,Allemagne,https://www.google.com/maps/search/?api=1&query=%22TSV+Neuried+e.V.%22+Tischtennis+Deutschland,48.087274,11.463869
TTC Dahn,Allemagne,https://www.google.com/maps/search/?api=1&query=%22TTC+Dahn%22+Tischtennis+Deutschland,50.202455,11.467123
SV Sillenbuch,Allemagne,https://www.google.com/maps/search/?api=1&query=%22SV+Sillenbuch%22+Tischtennis+Deutschland,48.747044,9.202912
MSV Hettstedt,Allemagne,https://www.google.com/maps/search/?api=1&query=%22MSV+Hettstedt%22+Tischtennis+Deutschland,52.235063,11.006438
TSV Nieder-Ramstadt,Allemagne,https://www.google.com/maps/search/?api=1&query=%22TSV+Nieder-Ramstadt%22+Tischtennis+Deutschland,49.826597,8.703237
Köpenicker SV-Ajax,Allemagne,https://www.google.com/maps/search/?api=1&query=%22K%C3%B6penicker+SV-Ajax%22+Tischtennis+Deutschland,52.439618,13.565528
TTC Börde Magdeburg,Allemagne,https://www.google.com/maps/search/?api=1&query=%22TTC+B%C3%B6rde+Magdeburg%22+Tischtennis+Deutschland,52.032759,11.743323
TTC Höhfröschen,Allemagne,https://www.google.com/maps/search/?api=1&query=%22TTC+H%C3%B6hfr%C3%B6schen%22+Tischtennis+Deutschland,50.202455,11.467123
TTC SW Velbert,Allemagne,https://www.google.com/maps/search/?api=1&query=%22TTC+SW+Velbert%22+Tischtennis+Deutschland,51.340671,7.043991
TTF Frankenthal,Allemagne,https://www.google.com/maps/search/?api=1&query=%22TTF+Frankenthal%22+Tischtennis+Deutschland,50.202455,11.467123
SV Viktoria Preußen,Allemagne,https://www.google.com/maps/search/?api=1&query=%22SV+Viktoria+Preu%C3%9Fen%22+Tischtennis+Deutschland,50.153030,8.676139
DJK Ellwangen,Allemagne,https://www.google.com/maps/search/?api=1&query=%22DJK+Ellwangen%22+Tischtennis+Deutschland,48.998653,10.182248
TTC 75 Mutschelbach e.V.,Allemagne,https://www.google.com/maps/search/?api=1&query=%22TTC+75+Mutschelbach+e.V.%22+Tischtennis+Deutschland,48.939261,8.535595
TTG Niederkassel,Allemagne,https://www.google.com/maps/search/?api=1&query=%22TTG+Niederkassel%22+Tischtennis+Deutschland,50.202455,11.467123
SCW Göttingen,Allemagne,https://www.google.com/maps/search/?api=1&query=%22SCW+G%C3%B6ttingen%22+Tischtennis+Deutschland,51.548032,9.891723
SV Al. 1907 Königstädten,Allemagne,https://www.google.com/maps/search/?api=1&query=%22SV+Al.+1907+K%C3%B6nigst%C3%A4dten%22+Tischtennis+Deutschland,49.956060,8.451094
PSV Oberhausen,Allemagne,https://www.google.com/maps/search/?api=1&query=%22PSV+Oberhausen%22+Tischtennis+Deutschland,51.287359,13.128006
France,Allemagne,https://www.google.com/maps/search/?api=1&query=%22France%22+Tischtennis+Deutschland,50.108926,8.652330
SG 1910 Marbach,Allemagne,https://www.google.com/maps/search/?api=1&query=%22SG+1910+Marbach%22+Tischtennis+Deutschland,50.626641,9.721795
TTV Grün-Weiß Ettlingen e.V.,Allemagne,https://www.google.com/maps/search/?api=1&query=%22TTV+Gr%C3%BCn-Wei%C3%9F+Ettlingen+e.V.%22+Tischtennis+Deutschland,50.895455,7.085704
USA National Team (USATT),USA,https://www.google.com/maps/search/?api=1&query=%22USA+National+Team+%28USATT%29%22+table+tennis+USA,43.056802,-89.467431
Texas Smash,USA,https://www.google.com/maps/search/?api=1&query=%22Texas+Smash%22+table+tennis+USA,30.369343,-97.724180
Bay Area Blasters,USA,https://www.google.com/maps/search/?api=1&query=%22Bay+Area+Blasters%22+table+tennis+USA,35.101420,-80.941765
Chicago Wind,USA,https://www.google.com/maps/search/?api=1&query=%22Chicago+Wind%22+table+tennis+USA,38.383898,-97.910049
Los Angeles Spinners,USA,https://www.google.com/maps/search/?api=1&query=%22Los+Angeles+Spinners%22+table+tennis+USA,34.050283,-118.240520
Portland Paddlers,USA,https://www.google.com/maps/search/?api=1&query=%22Portland+Paddlers%22+table+tennis+USA,45.498041,-122.647672
Carolina Gold Rush,USA,https://www.google.com/maps/search/?api=1&query=%22Carolina+Gold+Rush%22+table+tennis+USA,43.573298,-116.167126
Princeton Revolution,USA,https://www.google.com/maps/search/?api=1&query=%22Princeton+Revolution%22+table+tennis+USA,34.421649,-118.596318
Atlanta Blazers,USA,https://www.google.com/maps/search/?api=1&query=%22Atlanta+Blazers%22+table+tennis+USA,33.749000,-84.388000
Florida Crocs,USA,https://www.google.com/maps/search/?api=1&query=%22Florida+Crocs%22+table+tennis+USA,28.538300,-81.379200
New York Slice,USA,https://www.google.com/maps/search/?api=1&query=%22New+York+Slice%22+table+tennis+USA,40.797448,-73.970746
A S VILLENAVE T T,France,https://www.google.com/maps/search/?api=1&query=%22A+S+VILLENAVE+T+T%22+tennis+de+table+France,46.808870,1.700300
A. P. BARPAISE,France,https://www.google.com/maps/search/?api=1&query=%22A.+P.+BARPAISE%22+tennis+de+table+France,46.808870,1.700300
A.S. ALCATEL LUCENT ILLKIRCH,France,https://www.google.com/maps/search/?api=1&query=%22A.S.+ALCATEL+LUCENT+ILLKIRCH%22+tennis+de+table+France,48.519302,7.741163
A.S. MONACO,France,https://www.google.com/maps/search/?api=1&query=%22A.S.+MONACO%22+tennis+de+table+France,46.808870,1.700300
A.S.C. MONTAUDRAN,France,https://www.google.com/maps/search/?api=1&query=%22A.S.C.+MONTAUDRAN%22+tennis+de+table+France,46.808870,1.700300
A.S.L. OUVILLE LA RIVIER,France,https://www.google.com/maps/search/?api=1&query=%22A.S.L.+OUVILLE+LA+RIVIER%22+tennis+de+table+France,46.796764,1.723791
A.S.T.T.ORGERES,France,https://www.google.com/maps/search/?api=1&query=%22A.S.T.T.ORGERES%22+tennis+de+table+France,46.808870,1.700300
AAS FRESNES TENNIS DE TABLE,France,https://www.google.com/maps/search/?api=1&query=%22AAS+FRESNES+TENNIS+DE+TABLE%22+tennis+de+table+France,47.178092,2.160656
ACsIOM,France,https://www.google.com/maps/search/?api=1&query=%22ACsIOM%22+tennis+de+table+France,47.178092,2.160656
AIGREFEUILLAIS C.P.,France,https://www.google.com/maps/search/?api=1&query=%22AIGREFEUILLAIS+C.P.%22+tennis+de+table+France,46.808870,1.700300
AIL ROUSSET,France,https://www.google.com/maps/search/?api=1&query=%22AIL+ROUSSET%22+tennis+de+table+France,47.827751,0.077522
AIX ESPACE EN PEVELE,France,https://www.google.com/maps/search/?api=1&query=%22AIX+ESPACE+EN+PEVELE%22+tennis+de+table+France,43.649239,5.100294
AIX LES MILLES TT,France,https://www.google.com/maps/search/?api=1&query=%22AIX+LES+MILLES+TT%22+tennis+de+table+France,43.649239,5.100294
AL CHARREARD VENISSIEUX,France,https://www.google.com/maps/search/?api=1&query=%22AL+CHARREARD+VENISSIEUX%22+tennis+de+table+France,45.695026,4.895704
AL COURS LA VILLE,France,https://www.google.com/maps/search/?api=1&query=%22AL+COURS+LA+VILLE%22+tennis+de+table+France,46.796764,1.723791
AL ECHIROLLES-EYBENS TT,France,https://www.google.com/maps/search/?api=1&query=%22AL+ECHIROLLES-EYBENS+TT%22+tennis+de+table+France,45.148433,5.747704
AL VILLECRESNES TENNIS DE TABLE,France,https://www.google.com/maps/search/?api=1&query=%22AL+VILLECRESNES+TENNIS+DE+TABLE%22+tennis+de+table+France,47.178092,2.160656
AMICALE PONGISTE WOLXHEIM,France,https://www.google.com/maps/search/?api=1&query=%22AMICALE+PONGISTE+WOLXHEIM%22+tennis+de+table+France,48.759108,2.692720
AMITIE LINGOLSHEIM,France,https://www.google.com/maps/search/?api=1&query=%22AMITIE+LINGOLSHEIM%22+tennis+de+table+France,48.555951,7.681794
ANCENIS ST GEREON TT,France,https://www.google.com/maps/search/?api=1&query=%22ANCENIS+ST+GEREON+TT%22+tennis+de+table+France,47.368246,-1.184430
ANICHE TT,France,https://www.google.com/maps/search/?api=1&query=%22ANICHE+TT%22+tennis+de+table+France,50.330917,3.250989
ANTONY SP TENNIS DE TABLE,France,https://www.google.com/maps/search/?api=1&query=%22ANTONY+SP+TENNIS+DE+TABLE%22+tennis+de+table+France,47.178092,2.160656
AS SAFFRÉ PIERRE BLEUE TT,France,https://www.google.com/maps/search/?api=1&query=%22AS+SAFFR%C3%89+PIERRE+BLEUE+TT%22+tennis+de+table+France,47.502034,-1.579792
AS TT BREAL,France,https://www.google.com/maps/search/?api=1&query=%22AS+TT+BREAL%22+tennis+de+table+France,48.051357,-1.867686
ASNIERES TT,France,https://www.google.com/maps/search/?api=1&query=%22ASNIERES+TT%22+tennis+de+table+France,49.194990,0.397230
ASPTT TOULOUSE T.T.,France,https://www.google.com/maps/search/?api=1&query=%22ASPTT+TOULOUSE+T.T.%22+tennis+de+table+France,48.017752,0.168601
AUBERVILLIERS CMTT,France,https://www.google.com/maps/search/?api=1&query=%22AUBERVILLIERS+CMTT%22+tennis+de+table+France,48.914300,2.383700
AUDONIENNE USMA TT,France,https://www.google.com/maps/search/?api=1&query=%22AUDONIENNE+USMA+TT%22+tennis+de+table+France,48.905100,2.333800
AULNAYSIENS AP,France,https://www.google.com/maps/search/?api=1&query=%22AULNAYSIENS+AP%22+tennis+de+table+France,48.759108,2.692720
