licence,nom,prenom,ville,club_nom,club_ville,points_elo,rang_national,rang_ligue,rang_comite,classement_officiel,niveau_categorie,nombre_matchs,victoires,defaites
,WANG,Chuqin,,山东魏桥·向尚运动,,,1,,,中乒超 (Super League pro),avance,,,
,LIANG,Jingkun,,山东魏桥·向尚运动,,,2,,,中乒超 (Super League pro),avance,,,
,HUANG,Youzheng,,山东魏桥·向尚运动,,,3,,,中乒超 (Super League pro),avance,,,
,ZHOU,Qihao,,山东魏桥·向尚运动,,,4,,,中乒超 (Super League pro),avance,,,
,YU,Ziyang,,山东魏桥·向尚运动,,,5,,,中乒超 (Super League pro),avance,,,
,LIN,Yun-Ju,,山东魏桥·向尚运动,,,6,,,中乒超 (Super League pro),avance,,,
,LIN,Shidong,,黄石基地·华新,,,7,,,中乒超 (Super League pro),avance,,,
,XIANG,Peng,,黄石基地·华新,,,8,,,中乒超 (Super League pro),avance,,,
,XUE,Fei,,黄石基地·华新,,,9,,,中乒超 (Super League pro),avance,,,
,LIU,Guancheng,,黄石基地·华新,,,10,,,中乒超 (Super League pro),avance,,,
,HU,Chang,,黄石基地·华新,,,11,,,中乒超 (Super League pro),avance,,,
,LIN,Gaoyuan,,汕头明润,,,12,,,中乒超 (Super League pro),avance,,,
,XU,Haidong,,汕头明润,,,13,,,中乒超 (Super League pro),avance,,,
,CHEN,Yuanyu,,汕头明润,,,14,,,中乒超 (Super League pro),avance,,,
,LI,Yijie,,汕头明润,,,15,,,中乒超 (Super League pro),avance,,,
,李和宸,,,汕头明润,,,16,,,中乒超 (Super League pro),avance,,,
,HUANG,Xunan,,汕头明润,,,17,,,中乒超 (Super League pro),avance,,,
,FAN,Zhendong,,上海地产集团,,,18,,,中乒超 (Super League pro),avance,,,
,XU,Xin,,上海地产集团,,,19,,,中乒超 (Super League pro),avance,,,
,ZHOU,Kai,,上海地产集团,,,20,,,中乒超 (Super League pro),avance,,,
,ZHAO,Zihao,,上海地产集团,,,21,,,中乒超 (Super League pro),avance,,,
,SUN,Zheng,,上海地产集团,,,22,,,中乒超 (Super League pro),avance,,,
,ZHAO,Zhaoyan,,上海地产集团,,,23,,,中乒超 (Super League pro),avance,,,
,XU,Yingbin,,山东鲁能,,,24,,,中乒超 (Super League pro),avance,,,
,YUAN,Licen,,山东鲁能,,,25,,,中乒超 (Super League pro),avance,,,
,YAN,An,,山东鲁能,,,26,,,中乒超 (Super League pro),avance,,,
,LIU,Dingshuo,,山东鲁能,,,27,,,中乒超 (Super League pro),avance,,,
,唐乙仁,,,山东鲁能,,,28,,,中乒超 (Super League pro),avance,,,
,MATSUSHIMA,Sora,,山东鲁能,,,29,,,中乒超 (Super League pro),avance,,,
,SUN,Wen,,四川丰谷,,,30,,,中乒超 (Super League pro),avance,,,
,YAN,Sheng,,四川丰谷,,,31,,,中乒超 (Super League pro),avance,,,
,CHEN,Junsong,,四川丰谷,,,32,,,中乒超 (Super League pro),avance,,,
,WONG,Chun Ting,,四川丰谷,,,33,,,中乒超 (Super League pro),avance,,,
,QUAN,Kaiyuan,,江苏中超电缆·迎福台,,,34,,,中乒超 (Super League pro),avance,,,
,LIANG,Yanning,,江苏中超电缆·迎福台,,,35,,,中乒超 (Super League pro),avance,,,
,林晨,,,江苏中超电缆·迎福台,,,36,,,中乒超 (Super League pro),avance,,,
,李天阳,,,江苏中超电缆·迎福台,,,37,,,中乒超 (Super League pro),avance,,,
,宋卓衡,,,江苏中超电缆·迎福台,,,38,,,中乒超 (Super League pro),avance,,,
,WOO,Joon-Cheol,,江苏中超电缆·迎福台,,,39,,,中乒超 (Super League pro),avance,,,
,NIU,Guankai,,安徽中程单招基地,,,40,,,中乒超 (Super League pro),avance,,,
,WEN,Ruibo,,安徽中程单招基地,,,41,,,中乒超 (Super League pro),avance,,,
,陶育畅,,,安徽中程单招基地,,,42,,,中乒超 (Super League pro),avance,,,
,宁贤坤,,,安徽中程单招基地,,,43,,,中乒超 (Super League pro),avance,,,
,KOEN,Pang,,安徽中程单招基地,,,44,,,中乒超 (Super League pro),avance,,,
,敖华磊,,,广东陈静俱乐部,,,45,,,中乒超 (Super League pro),avance,,,
,ZHOU,Yu,,广东陈静俱乐部,,,46,,,中乒超 (Super League pro),avance,,,
,费浚航,,,广东陈静俱乐部,,,47,,,中乒超 (Super League pro),avance,,,
,王阳,,,广东陈静俱乐部,,,48,,,中乒超 (Super League pro),avance,,,
,陈颢桦,,,广东陈静俱乐部,,,49,,,中乒超 (Super League pro),avance,,,
,WANG,Manyu,,山东鲁能,,,50,,,中乒超 (Super League pro),avance,,,
,CHEN,Xingtong,,山东鲁能,,,51,,,中乒超 (Super League pro),avance,,,
,QIAN,Tianyi,,山东鲁能,,,52,,,中乒超 (Super League pro),avance,,,
,徐奕,,,山东鲁能,,,53,,,中乒超 (Super League pro),avance,,,
,SUN,Yingsha,,深圳大学,,,54,,,中乒超 (Super League pro),avance,,,
,KUAI,Man,,深圳大学,,,55,,,中乒超 (Super League pro),avance,,,
,QIN,Yuxuan,,深圳大学,,,56,,,中乒超 (Super League pro),avance,,,
,HIRANO,Miu,,深圳大学,,,57,,,中乒超 (Super League pro),avance,,,
,YANG,Yiyun,,上海龙腾,,,58,,,中乒超 (Super League pro),avance,,,
,HE,Zhuojia,,上海龙腾,,,59,,,中乒超 (Super League pro),avance,,,
,刘炜珊,,,上海龙腾,,,60,,,中乒超 (Super League pro),avance,,,
,CHEN,Yi,,上海龙腾,,,61,,,中乒超 (Super League pro),avance,,,
,SUN,Mingyang,,上海龙腾,,,62,,,中乒超 (Super League pro),avance,,,
,易爱川,,,上海龙腾,,,63,,,中乒超 (Super League pro),avance,,,
,HAN,Feier,,黄石基地·华新,,,64,,,中乒超 (Super League pro),avance,,,
,姚睿轩,,,黄石基地·华新,,,65,,,中乒超 (Super League pro),avance,,,
,WANG,Tianyi,,黄石基地·华新,,,66,,,中乒超 (Super League pro),avance,,,
,SHIN,Yubin,,黄石基地·华新,,,67,,,中乒超 (Super League pro),avance,,,
,KIHARA,Miyu,,黄石基地·华新,,,68,,,中乒超 (Super League pro),avance,,,
,WANG,Yidi,,华东理工大学,,,69,,,中乒超 (Super League pro),avance,,,
,WANG,Xiaotong,,华东理工大学,,,70,,,中乒超 (Super League pro),avance,,,
,李雅可,,,华东理工大学,,,71,,,中乒超 (Super League pro),avance,,,
,梁家怡,,,华东理工大学,,,72,,,中乒超 (Super League pro),avance,,,
,张翔宇,,,华东理工大学,,,73,,,中乒超 (Super League pro),avance,,,
,金梦妍,,,华东理工大学,,,74,,,中乒超 (Super League pro),avance,,,
,YUAN,Yuan,,成都高新若水居,,,75,,,中乒超 (Super League pro),avance,,,
,冷雨桐,,,成都高新若水居,,,76,,,中乒超 (Super League pro),avance,,,
,李雨琪,,,成都高新若水居,,,77,,,中乒超 (Super League pro),avance,,,
,GAO,Yuxin,,成都高新若水居,,,78,,,中乒超 (Super League pro),avance,,,
,向俊霖,,,成都高新若水居,,,79,,,中乒超 (Super League pro),avance,,,
,HARIMOTO,Miwa,,成都高新若水居,,,80,,,中乒超 (Super League pro),avance,,,
,杨硕,,,耐普股份,,,81,,,甲A联赛 (Major League — top),intermediaire,,,
,郑培锋,,,耐普股份,,,82,,,甲A联赛 (Major League — top),intermediaire,,,
,王崧岳,,,耐普股份,,,83,,,甲A联赛 (Major League — top),intermediaire,,,
,CHEN,Junsong,,耐普股份,,,84,,,甲A联赛 (Major League — top),intermediaire,,,
,王家程,,,耐普股份,,,85,,,甲A联赛 (Major League — top),intermediaire,,,
,陈恒达,,,北京市先农坛,,,86,,,甲A联赛 (Major League — top),intermediaire,,,
,孙炜翔,,,北京市先农坛,,,87,,,甲A联赛 (Major League — top),intermediaire,,,
,黄友皓,,,北京市先农坛,,,88,,,甲A联赛 (Major League — top),intermediaire,,,
,华磊,,,北京市先农坛,,,89,,,甲A联赛 (Major League — top),intermediaire,,,
,孙杨,,,北京市先农坛,,,90,,,甲A联赛 (Major League — top),intermediaire,,,
,朱毅,,,南京东大智能米粒一队,,,91,,,甲A联赛 (Major League — top),intermediaire,,,
,麒凯,,,南京东大智能米粒一队,,,92,,,甲A联赛 (Major League — top),intermediaire,,,
,于何一,,,南京东大智能米粒一队,,,93,,,甲A联赛 (Major League — top),intermediaire,,,
,刘津豪,,,南京东大智能米粒一队,,,94,,,甲A联赛 (Major League — top),intermediaire,,,
,杨天诺,,,南京东大智能米粒一队,,,95,,,甲A联赛 (Major League — top),intermediaire,,,
,NIU,Guankai,,西安刘楠一队,,,96,,,甲A联赛 (Major League — top),intermediaire,,,
,LI,Yijie,,西安刘楠一队,,,97,,,甲A联赛 (Major League — top),intermediaire,,,
,余心航,,,西安刘楠一队,,,98,,,甲A联赛 (Major League — top),intermediaire,,,
,李芷晟,,,西安刘楠一队,,,99,,,甲A联赛 (Major League — top),intermediaire,,,
,栗恩赐,,,四川银行,,,100,,,甲A联赛 (Major League — top),intermediaire,,,
,李治,,,四川银行,,,101,,,甲A联赛 (Major League — top),intermediaire,,,
,许锐锋,,,四川银行,,,102,,,甲A联赛 (Major League — top),intermediaire,,,
,蔡顺航,,,四川银行,,,103,,,甲A联赛 (Major League — top),intermediaire,,,
,王浩丞,,,辽宁队,,,104,,,甲A联赛 (Major League — top),intermediaire,,,
,耿林宇,,,辽宁队,,,105,,,甲A联赛 (Major League — top),intermediaire,,,
,梁国栋,,,辽宁队,,,106,,,甲A联赛 (Major League — top),intermediaire,,,
,郑毅弘,,,辽宁队,,,107,,,甲A联赛 (Major League — top),intermediaire,,,
,刘根君,,,辽宁队,,,108,,,甲A联赛 (Major League — top),intermediaire,,,
,WEN,Ruibo,,河南队,,,109,,,甲A联赛 (Major League — top),intermediaire,,,
,张剑皓,,,河南队,,,110,,,甲A联赛 (Major League — top),intermediaire,,,
,翟家乐,,,河南队,,,111,,,甲A联赛 (Major League — top),intermediaire,,,
,李陆同,,,河南队,,,112,,,甲A联赛 (Major League — top),intermediaire,,,
,夏易正,,,河南队,,,113,,,甲A联赛 (Major League — top),intermediaire,,,
,王廷宇,,,山西队,,,114,,,甲A联赛 (Major League — top),intermediaire,,,
,马泽霖,,,山西队,,,115,,,甲A联赛 (Major League — top),intermediaire,,,
,闫航齐,,,山西队,,,116,,,甲A联赛 (Major League — top),intermediaire,,,
,张明昊,,,山西队,,,117,,,甲A联赛 (Major League — top),intermediaire,,,
,金大泫,,,西安刘楠二队,,,118,,,甲A联赛 (Major League — top),intermediaire,,,
,张奕玮,,,西安刘楠二队,,,119,,,甲A联赛 (Major League — top),intermediaire,,,
,肖子茗,,,西安刘楠二队,,,120,,,甲A联赛 (Major League — top),intermediaire,,,
,张成日,,,西安刘楠二队,,,121,,,甲A联赛 (Major League — top),intermediaire,,,
,冷大棚,,,西安刘楠二队,,,122,,,甲A联赛 (Major League — top),intermediaire,,,
,许人瑞,,,大乒协华东理工,,,123,,,甲A联赛 (Major League — top),intermediaire,,,
,李天阳,,,大乒协华东理工,,,124,,,甲A联赛 (Major League — top),intermediaire,,,
,李昊,,,大乒协华东理工,,,125,,,甲A联赛 (Major League — top),intermediaire,,,
,李明泽,,,大乒协华东理工,,,126,,,甲A联赛 (Major League — top),intermediaire,,,
,张宇,,,大乒协华东理工,,,127,,,甲A联赛 (Major League — top),intermediaire,,,
,龚圣涵,,,浙江竞体,,,128,,,甲A联赛 (Major League — top),intermediaire,,,
,祝佳祺,,,浙江竞体,,,129,,,甲A联赛 (Major League — top),intermediaire,,,
,于继宁,,,浙江竞体,,,130,,,甲A联赛 (Major League — top),intermediaire,,,
,齐白石,,,浙江竞体,,,131,,,甲A联赛 (Major League — top),intermediaire,,,
,龙宇,,,广东二沙深圳大学一队,,,132,,,甲A联赛 (Major League — top),intermediaire,,,
,袁烜松,,,广东二沙深圳大学一队,,,133,,,甲A联赛 (Major League — top),intermediaire,,,
,HUANG,Xunan,,广东二沙深圳大学一队,,,134,,,甲A联赛 (Major League — top),intermediaire,,,
,敖华磊,,,广东二沙深圳大学一队,,,135,,,甲A联赛 (Major League — top),intermediaire,,,
,周锦泉,,,上海龙腾,,,136,,,甲A联赛 (Major League — top),intermediaire,,,
,陈志阳,,,上海龙腾,,,137,,,甲A联赛 (Major League — top),intermediaire,,,
,沈珈,,,上海龙腾,,,138,,,甲A联赛 (Major League — top),intermediaire,,,
,耿旭纬,,,上海龙腾,,,139,,,甲A联赛 (Major League — top),intermediaire,,,
,潘一帆,,,上海龙腾,,,140,,,甲A联赛 (Major League — top),intermediaire,,,
,房胤池,,,武汉经开港,,,141,,,甲A联赛 (Major League — top),intermediaire,,,
,桂晨凯,,,武汉经开港,,,142,,,甲A联赛 (Major League — top),intermediaire,,,
,王晨策,,,武汉经开港,,,143,,,甲A联赛 (Major League — top),intermediaire,,,
,李培江,,,武汉经开港,,,144,,,甲A联赛 (Major League — top),intermediaire,,,
,孙鹏翔,,,武汉经开港,,,145,,,甲A联赛 (Major League — top),intermediaire,,,
,罗程,,,安徽中程一队,,,146,,,甲A联赛 (Major League — top),intermediaire,,,
,习胜,,,安徽中程一队,,,147,,,甲A联赛 (Major League — top),intermediaire,,,
,HAO,Shuai,,安徽中程一队,,,148,,,甲A联赛 (Major League — top),intermediaire,,,
,马特,,,安徽中程一队,,,149,,,甲A联赛 (Major League — top),intermediaire,,,
,李东成,,,安徽中程一队,,,150,,,甲A联赛 (Major League — top),intermediaire,,,
,杨飞,,,重庆南开融侨中学,,,151,,,甲A联赛 (Major League — top),intermediaire,,,
,周汐君,,,重庆南开融侨中学,,,152,,,甲A联赛 (Major League — top),intermediaire,,,
,尹孟泽,,,重庆南开融侨中学,,,153,,,甲A联赛 (Major League — top),intermediaire,,,
,李天宇,,,重庆成现体育,,,154,,,甲A联赛 (Major League — top),intermediaire,,,
,李一帆,,,重庆成现体育,,,155,,,甲A联赛 (Major League — top),intermediaire,,,
,孙智晨,,,重庆成现体育,,,156,,,甲A联赛 (Major League — top),intermediaire,,,
,黄祺燊,,,安徽中程二队,,,157,,,甲A联赛 (Major League — top),intermediaire,,,
,胡东申,,,安徽中程二队,,,158,,,甲A联赛 (Major League — top),intermediaire,,,
,韩一宽,,,安徽中程二队,,,159,,,甲A联赛 (Major League — top),intermediaire,,,
,田中佑汰,,,安徽中程二队,,,160,,,甲A联赛 (Major League — top),intermediaire,,,
,杨友正,,,安徽中程二队,,,161,,,甲A联赛 (Major League — top),intermediaire,,,
,杨晓夫,,,济南乐搏,,,162,,,甲A联赛 (Major League — top),intermediaire,,,
,汪佳男,,,济南乐搏,,,163,,,甲A联赛 (Major League — top),intermediaire,,,
,范胜鹏,,,济南乐搏,,,164,,,甲A联赛 (Major League — top),intermediaire,,,
,董航源,,,济南乐搏,,,165,,,甲A联赛 (Major League — top),intermediaire,,,
,车自顺,,,济南乐搏,,,166,,,甲A联赛 (Major League — top),intermediaire,,,
,曹巍,,,山东至晟体育,,,167,,,甲A联赛 (Major League — top),intermediaire,,,
,刘瑞金,,,山东至晟体育,,,168,,,甲A联赛 (Major League — top),intermediaire,,,
,庄立赟,,,山东至晟体育,,,169,,,甲A联赛 (Major League — top),intermediaire,,,
,曾蓓勋,,,山东至晟体育,,,170,,,甲A联赛 (Major League — top),intermediaire,,,
,宋卓衡,,,山东至晟体育,,,171,,,甲A联赛 (Major League — base),debutant,,,
,曹彦涛,,,南京体育学院,,,172,,,甲A联赛 (Major League — base),debutant,,,
,张润东,,,南京体育学院,,,173,,,甲A联赛 (Major League — base),debutant,,,
,费浚航,,,南京体育学院,,,174,,,甲A联赛 (Major League — base),debutant,,,
,王卿伊,,,南京体育学院,,,175,,,甲A联赛 (Major League — base),debutant,,,
,HU,Chang,,南京体育学院,,,176,,,甲A联赛 (Major League — base),debutant,,,
,王珠,,,深圳大学·暨南·深圳移动,,,177,,,甲A联赛 (Major League — base),debutant,,,
,刘盈辰,,,深圳大学·暨南·深圳移动,,,178,,,甲A联赛 (Major League — base),debutant,,,
,小塩悠菜,,,深圳大学·暨南·深圳移动,,,179,,,甲A联赛 (Major League — base),debutant,,,
,薛羽婷,,,深圳大学·暨南·深圳移动,,,180,,,甲A联赛 (Major League — base),debutant,,,
,周芷默,,,深圳大学·暨南·深圳移动,,,181,,,甲A联赛 (Major League — base),debutant,,,
,朱培育,,,泰州睿杰超峰,,,182,,,甲A联赛 (Major League — base),debutant,,,
,蒋慧,,,泰州睿杰超峰,,,183,,,甲A联赛 (Major League — base),debutant,,,
,赵尚,,,泰州睿杰超峰,,,184,,,甲A联赛 (Major League — base),debutant,,,
,王诗喻,,,泰州睿杰超峰,,,185,,,甲A联赛 (Major League — base),debutant,,,
,王可盈,,,泰州睿杰超峰,,,186,,,甲A联赛 (Major League — base),debutant,,,
,邬铭君,,,上海龙腾,,,187,,,甲A联赛 (Major League — base),debutant,,,
,刘佳琪,,,上海龙腾,,,188,,,甲A联赛 (Major League — base),debutant,,,
,易爱川,,,上海龙腾,,,189,,,甲A联赛 (Major League — base),debutant,,,
,林雅溪,,,上海龙腾,,,190,,,甲A联赛 (Major League — base),debutant,,,
,李若楠,,,上海龙腾,,,191,,,甲A联赛 (Major League — base),debutant,,,
,牛鳥星罗,,,陕西三八妇乐,,,192,,,甲A联赛 (Major League — base),debutant,,,
,丁嘉曼,,,陕西三八妇乐,,,193,,,甲A联赛 (Major League — base),debutant,,,
,齐菲,,,陕西三八妇乐,,,194,,,甲A联赛 (Major League — base),debutant,,,
,吴洋晨,,,陕西三八妇乐,,,195,,,甲A联赛 (Major League — base),debutant,,,
,崔尔泽,,,陕西三八妇乐,,,196,,,甲A联赛 (Major League — base),debutant,,,
,臧小桐,,,瑞昌市体总,,,197,,,甲A联赛 (Major League — base),debutant,,,
,WANG,Tianyi,,瑞昌市体总,,,198,,,甲A联赛 (Major League — base),debutant,,,
,HAN,Feier,,瑞昌市体总,,,199,,,甲A联赛 (Major League — base),debutant,,,
,王鸿钰,,,瑞昌市体总,,,200,,,甲A联赛 (Major League — base),debutant,,,
,王越,,,瑞昌市体总,,,201,,,甲A联赛 (Major League — base),debutant,,,
,范姝涵,,,湖北乒协一队,,,202,,,甲A联赛 (Major League — base),debutant,,,
,孙思楠,,,湖北乒协一队,,,203,,,甲A联赛 (Major League — base),debutant,,,
,李益惠,,,湖北乒协一队,,,204,,,甲A联赛 (Major League — base),debutant,,,
,王晓楠,,,湖北乒协一队,,,205,,,甲A联赛 (Major League — base),debutant,,,
,王昕奕,,,山东鲁能,,,206,,,甲A联赛 (Major League — base),debutant,,,
,李思萱,,,山东鲁能,,,207,,,甲A联赛 (Major League — base),debutant,,,
,刘梦凡,,,山东鲁能,,,208,,,甲A联赛 (Major League — base),debutant,,,
,何艾格,,,辽宁队,,,209,,,甲A联赛 (Major League — base),debutant,,,
,闫禹橦,,,辽宁队,,,210,,,甲A联赛 (Major League — base),debutant,,,
,胡一,,,辽宁队,,,211,,,甲A联赛 (Major League — base),debutant,,,
,白雨涵,,,辽宁队,,,212,,,甲A联赛 (Major League — base),debutant,,,
,杨惠泽,,,北京市先农坛,,,213,,,甲A联赛 (Major League — base),debutant,,,
,徐慧尧,,,北京市先农坛,,,214,,,甲A联赛 (Major League — base),debutant,,,
,姜轩,,,北京市先农坛,,,215,,,甲A联赛 (Major League — base),debutant,,,
,刘鑫,,,成都香投,,,216,,,甲A联赛 (Major League — base),debutant,,,
,郭琳,,,成都香投,,,217,,,甲A联赛 (Major League — base),debutant,,,
,夏紫宁,,,成都香投,,,218,,,甲A联赛 (Major League — base),debutant,,,
,冯怡璇,,,成都香投,,,219,,,甲A联赛 (Major League — base),debutant,,,
,高雅楠,,,山东胜利东胜,,,220,,,甲A联赛 (Major League — base),debutant,,,
,隋笑然,,,山东胜利东胜,,,221,,,甲A联赛 (Major League — base),debutant,,,
,姜依依,,,山东胜利东胜,,,222,,,甲A联赛 (Major League — base),debutant,,,
,王馨雅,,,山东胜利东胜,,,223,,,甲A联赛 (Major League — base),debutant,,,
,永野萌衣,,,福建安井,,,224,,,甲A联赛 (Major League — base),debutant,,,
,李仁思佳,,,福建安井,,,225,,,甲A联赛 (Major League — base),debutant,,,
,冈田琴菜,,,福建安井,,,226,,,甲A联赛 (Major League — base),debutant,,,
,杨诗璐,,,广东二沙深圳大学,,,227,,,甲A联赛 (Major League — base),debutant,,,
,陈梓颖,,,广东二沙深圳大学,,,228,,,甲A联赛 (Major League — base),debutant,,,
,梁美娟,,,广东二沙深圳大学,,,229,,,甲A联赛 (Major League — base),debutant,,,
,马恒妤,,,南京体育学院,,,230,,,甲A联赛 (Major League — base),debutant,,,
,谢雨彤,,,南京体育学院,,,231,,,甲A联赛 (Major League — base),debutant,,,
,徐佳瑞,,,南京体育学院,,,232,,,甲A联赛 (Major League — base),debutant,,,
,白思文,,,大乒协华东理工,,,233,,,甲A联赛 (Major League — base),debutant,,,
,王一朵,,,大乒协华东理工,,,234,,,甲A联赛 (Major League — base),debutant,,,
,金梦妍,,,大乒协华东理工,,,235,,,甲A联赛 (Major League — base),debutant,,,
,薛舒晴,,,天津女队,,,236,,,甲A联赛 (Major League — base),debutant,,,
,周倩婷,,,天津女队,,,237,,,甲A联赛 (Major League — base),debutant,,,
,张文馨,,,天津女队,,,238,,,甲A联赛 (Major League — base),debutant,,,
,苏馨,,,天津女队,,,239,,,甲A联赛 (Major League — base),debutant,,,
,金河英,,,安徽中程·奕鹏,,,240,,,甲A联赛 (Major League — base),debutant,,,
,金裕珍,,,安徽中程·奕鹏,,,241,,,甲A联赛 (Major League — base),debutant,,,
,许筱漫,,,安徽中程·奕鹏,,,242,,,甲A联赛 (Major League — base),debutant,,,
,姜渝,,,安徽中程·奕鹏,,,243,,,甲A联赛 (Major League — base),debutant,,,
,张缤月,,,安徽中程·奕鹏,,,244,,,甲A联赛 (Major League — base),debutant,,,
,车晓曦,,,上海沿浦,,,245,,,甲A联赛 (Major League — base),debutant,,,
,LIU,Shiwen,,上海沿浦,,,246,,,甲A联赛 (Major League — base),debutant,,,
,SHI,Xunyao,,上海沿浦,,,247,,,甲A联赛 (Major League — base),debutant,,,
,孙艺祯,,,上海沿浦,,,248,,,甲A联赛 (Major League — base),debutant,,,
,JEON,Jihee,,上海沿浦,,,249,,,甲A联赛 (Major League — base),debutant,,,
,姜安祺,,,临沂新星,,,250,,,甲A联赛 (Major League — base),debutant,,,
,黄楚婷,,,临沂新星,,,251,,,甲A联赛 (Major League — base),debutant,,,
,王丽倩,,,临沂新星,,,252,,,甲A联赛 (Major League — base),debutant,,,
,GAO,Yuxin,,四川红树林,,,253,,,甲A联赛 (Major League — base),debutant,,,
,向俊霖,,,四川红树林,,,254,,,甲A联赛 (Major League — base),debutant,,,
,赵若含,,,四川红树林,,,255,,,甲A联赛 (Major League — base),debutant,,,
,刘子菱,,,四川红树林,,,256,,,甲A联赛 (Major League — base),debutant,,,
,楚涵雯,,,四川红树林,,,257,,,甲A联赛 (Major League — base),debutant,,,
,朱朝晖,,,重庆成现中滨,,,258,,,甲A联赛 (Major League — base),debutant,,,
,孙晓萌,,,重庆成现中滨,,,259,,,甲A联赛 (Major League — base),debutant,,,
,董京,,,重庆成现中滨,,,260,,,甲A联赛 (Major League — base),debutant,,,
